feature,importance,absolute_importance,kind
roi_p99_5,-2.085006762061792,2.085006762061792,standardized_coefficient
roi_max,1.442759510830153,1.442759510830153,standardized_coefficient
right_p95,1.0369327316913222,1.0369327316913222,standardized_coefficient
left_bounding_box_extent_z_mm,0.9024639631144726,0.9024639631144726,standardized_coefficient
roi_p95,0.7846683923950701,0.7846683923950701,standardized_coefficient
right_principal_axis_length_1_mm,0.7365124425181994,0.7365124425181994,standardized_coefficient
high_uptake_volume_mm3_rel_0_60,-0.6889724906107119,0.6889724906107119,standardized_coefficient
roi_positive_fraction,-0.683902781796283,0.683902781796283,standardized_coefficient
left_p50,0.6759893354657559,0.6759893354657559,standardized_coefficient
background_uptake,0.6643431507462129,0.6643431507462129,standardized_coefficient
right_lambda3_over_lambda1,0.6561372800742125,0.6561372800742125,standardized_coefficient
left_mean,-0.6291226387462119,0.6291226387462119,standardized_coefficient
asymmetry_mean_normalized,-0.5731619509009747,0.5731619509009747,standardized_coefficient
right_p99_5,-0.566624478076868,0.566624478076868,standardized_coefficient
right_std,0.5392373945176769,0.5392373945176769,standardized_coefficient
left_lambda3_over_lambda1,0.5374444861177027,0.5374444861177027,standardized_coefficient
left_anterior_uptake,-0.5313686513776967,0.5313686513776967,standardized_coefficient
largest_component_volume_mm3,0.5160404542656505,0.5160404542656505,standardized_coefficient
component_volume_ratio,0.5081872402047674,0.5081872402047674,standardized_coefficient
right_principal_axis_length_3_mm,-0.4902223377316528,0.4902223377316528,standardized_coefficient
left_std,0.4749799748006764,0.4749799748006764,standardized_coefficient
right_posterior_uptake,0.45892875019880297,0.45892875019880297,standardized_coefficient
right_bounding_box_extent_x_mm,-0.45433604618255036,0.45433604618255036,standardized_coefficient
roi_p75,-0.4463088953236884,0.4463088953236884,standardized_coefficient
left_principal_axis_length_2_mm,-0.4407795617787473,0.4407795617787473,standardized_coefficient
left_principal_axis_length_1_mm,0.4401744945753575,0.4401744945753575,standardized_coefficient
left_elongation_ratio,-0.43599097593322955,0.43599097593322955,standardized_coefficient
right_max,-0.4202655906891714,0.4202655906891714,standardized_coefficient
left_principal_axis_length_3_mm,-0.39990554663313965,0.39990554663313965,standardized_coefficient
asymmetry_high_uptake_volume_mm3_normalized,0.389148391721422,0.389148391721422,standardized_coefficient
left_max,-0.3864217006881424,0.3864217006881424,standardized_coefficient
left_p99_5,-0.3705192985164266,0.3705192985164266,standardized_coefficient
left_high_uptake_volume_mm3,0.3622809592729398,0.3622809592729398,standardized_coefficient
left_p99,0.35499814854404027,0.35499814854404027,standardized_coefficient
left_sbr_like,-0.34669412855574633,0.34669412855574633,standardized_coefficient
left_striatum_to_background,-0.3466823415226412,0.3466823415226412,standardized_coefficient
minimum_side_uptake,-0.34056438833091046,0.34056438833091046,standardized_coefficient
right_compactness_like,-0.3349509153259361,0.3349509153259361,standardized_coefficient
roi_std,0.32713256094177623,0.32713256094177623,standardized_coefficient
roi_p90,0.32200986813488014,0.32200986813488014,standardized_coefficient
right_bounding_box_extent_z_mm,0.31960991052829185,0.31960991052829185,standardized_coefficient
asymmetry_mean_abs,0.3159533695617772,0.3159533695617772,standardized_coefficient
left_compactness_like,0.3153102686602598,0.3153102686602598,standardized_coefficient
left_bounding_box_extent_y_mm,0.29730105968310994,0.29730105968310994,standardized_coefficient
mean_bilateral_uptake,-0.27563546970816466,0.27563546970816466,standardized_coefficient
right_p75,-0.2716478816054989,0.2716478816054989,standardized_coefficient
roi_p50,0.2401810129527745,0.2401810129527745,standardized_coefficient
high_uptake_fraction_rel_0_40,-0.2312038251740411,0.2312038251740411,standardized_coefficient
left_bounding_box_extent_x_mm,-0.21733100547122491,0.21733100547122491,standardized_coefficient
right_lambda2_over_lambda1,0.21690282315646453,0.21690282315646453,standardized_coefficient
left_posterior_uptake,-0.21558697025366216,0.21558697025366216,standardized_coefficient
right_bounding_box_extent_y_mm,-0.21377133678945873,0.21377133678945873,standardized_coefficient
left_posterior_to_anterior,-0.2093130910422931,0.2093130910422931,standardized_coefficient
asymmetry_p95_abs,0.20865932779027724,0.20865932779027724,standardized_coefficient
roi_p99,-0.20071771304160038,0.20071771304160038,standardized_coefficient
left_p75,0.18905434588610467,0.18905434588610467,standardized_coefficient
maximum_side_uptake,-0.18818983823758664,0.18818983823758664,standardized_coefficient
number_of_connected_components,0.18224318083887014,0.18224318083887014,standardized_coefficient
right_striatum_to_background,0.17868855157594074,0.17868855157594074,standardized_coefficient
right_sbr_like,0.17867801969415345,0.17867801969415345,standardized_coefficient
left_p90,-0.17780899534258565,0.17780899534258565,standardized_coefficient
mean_posterior_to_anterior,-0.16109562130017097,0.16109562130017097,standardized_coefficient
right_mean,0.15325170925139575,0.15325170925139575,standardized_coefficient
minimum_side_to_background,0.14813068243977234,0.14813068243977234,standardized_coefficient
right_p50,-0.14423777387204817,0.14423777387204817,standardized_coefficient
high_uptake_physical_volume_mm3,0.140658018872858,0.140658018872858,standardized_coefficient
high_uptake_voxel_count,0.14065801887285795,0.14065801887285795,standardized_coefficient
bilateral_striatum_to_background,0.1017420782629709,0.1017420782629709,standardized_coefficient
bilateral_sbr_like,0.1017300554926427,0.1017300554926427,standardized_coefficient
right_posterior_to_anterior,-0.10078600877233855,0.10078600877233855,standardized_coefficient
minimum_posterior_to_anterior,0.10030512226349085,0.10030512226349085,standardized_coefficient
left_lambda2_over_lambda1,0.09963108876926094,0.09963108876926094,standardized_coefficient
asymmetry_p95_normalized,-0.09625766004889257,0.09625766004889257,standardized_coefficient
number_of_connected_components_rel_0_60,0.0814739022049689,0.0814739022049689,standardized_coefficient
right_p90,0.07995563773879476,0.07995563773879476,standardized_coefficient
right_anterior_uptake,0.077396052123236,0.077396052123236,standardized_coefficient
high_uptake_volume_mm3_rel_0_40,-0.07367493089966592,0.07367493089966592,standardized_coefficient
right_p99,-0.0668512802412183,0.0668512802412183,standardized_coefficient
right_high_uptake_volume_mm3,-0.05980697948097074,0.05980697948097074,standardized_coefficient
number_of_connected_components_rel_0_40,0.05640426170581949,0.05640426170581949,standardized_coefficient
right_elongation_ratio,-0.056009341407452846,0.056009341407452846,standardized_coefficient
asymmetry_high_uptake_volume_mm3_abs,0.05463655751148289,0.05463655751148289,standardized_coefficient
roi_mean,-0.0514665179363435,0.0514665179363435,standardized_coefficient
left_p95,-0.050857527783809815,0.050857527783809815,standardized_coefficient
right_principal_axis_length_2_mm,0.030577460529357656,0.030577460529357656,standardized_coefficient
high_uptake_fraction_rel_0_50,-0.029806567493504153,0.029806567493504153,standardized_coefficient
second_largest_component_volume_mm3,0.02451965655910558,0.02451965655910558,standardized_coefficient
high_uptake_fraction_rel_0_60,-0.0010759082423045727,0.0010759082423045727,standardized_coefficient
