uid,domain_group,domain_method
xaji0y6d,domain_06,kmeans_standardized_geometry_v1
pbhsahxt,domain_06,kmeans_standardized_geometry_v1
hv3a3zmf,domain_06,kmeans_standardized_geometry_v1
8mdd4v30,domain_06,kmeans_standardized_geometry_v1
t9nt3w5u,domain_06,kmeans_standardized_geometry_v1
zbikcidk,domain_06,kmeans_standardized_geometry_v1
wnnhj7xv,domain_06,kmeans_standardized_geometry_v1
g0fn9xuy,domain_06,kmeans_standardized_geometry_v1
41ibljh7,domain_06,kmeans_standardized_geometry_v1
5lxo6qji,domain_06,kmeans_standardized_geometry_v1
ujv6oh9s,domain_06,kmeans_standardized_geometry_v1
dbdw2pcn,domain_06,kmeans_standardized_geometry_v1
9t84azyt,domain_06,kmeans_standardized_geometry_v1
jxepq85j,domain_06,kmeans_standardized_geometry_v1
sg65kxvf,domain_06,kmeans_standardized_geometry_v1
1t2tala7,domain_06,kmeans_standardized_geometry_v1
53lc58dr,domain_06,kmeans_standardized_geometry_v1
c11ertj5,domain_06,kmeans_standardized_geometry_v1
9mx2x18h,domain_02,kmeans_standardized_geometry_v1
afeyuhz1,domain_02,kmeans_standardized_geometry_v1
gv0e38da,domain_00,kmeans_standardized_geometry_v1
ly8ozcyw,domain_02,kmeans_standardized_geometry_v1
d14ve92m,domain_02,kmeans_standardized_geometry_v1
pnsm43d8,domain_02,kmeans_standardized_geometry_v1
w3zp08j3,domain_02,kmeans_standardized_geometry_v1
trp0j43d,domain_02,kmeans_standardized_geometry_v1
5iqvnb4g,domain_02,kmeans_standardized_geometry_v1
h2m5zja8,domain_02,kmeans_standardized_geometry_v1
dzr1yxr2,domain_02,kmeans_standardized_geometry_v1
dhylurtp,domain_02,kmeans_standardized_geometry_v1
0lzjjege,domain_02,kmeans_standardized_geometry_v1
t1ghr09s,domain_02,kmeans_standardized_geometry_v1
kdgigatj,domain_02,kmeans_standardized_geometry_v1
9tze5r5u,domain_02,kmeans_standardized_geometry_v1
qpgb7r3o,domain_03,kmeans_standardized_geometry_v1
cwbfuk9e,domain_02,kmeans_standardized_geometry_v1
1v2isqp4,domain_02,kmeans_standardized_geometry_v1
9kwv08hh,domain_02,kmeans_standardized_geometry_v1
xfgcaqvk,domain_02,kmeans_standardized_geometry_v1
izzqy72w,domain_02,kmeans_standardized_geometry_v1
x7ptx63c,domain_02,kmeans_standardized_geometry_v1
fl0ukeyz,domain_02,kmeans_standardized_geometry_v1
7srcbplj,domain_02,kmeans_standardized_geometry_v1
d84u89yj,domain_02,kmeans_standardized_geometry_v1
b1qx6gvw,domain_02,kmeans_standardized_geometry_v1
rdmly4ly,domain_02,kmeans_standardized_geometry_v1
k83tqll8,domain_02,kmeans_standardized_geometry_v1
os9xtogn,domain_02,kmeans_standardized_geometry_v1
1w1ht7pz,domain_02,kmeans_standardized_geometry_v1
e9vifttd,domain_02,kmeans_standardized_geometry_v1
96qe3rzs,domain_02,kmeans_standardized_geometry_v1
j49itn7s,domain_02,kmeans_standardized_geometry_v1
55j2o7s3,domain_02,kmeans_standardized_geometry_v1
kkv9rftm,domain_02,kmeans_standardized_geometry_v1
ttqlgzui,domain_02,kmeans_standardized_geometry_v1
1b0z3nx3,domain_02,kmeans_standardized_geometry_v1
9rbsv55p,domain_02,kmeans_standardized_geometry_v1
sq0oxfq8,domain_02,kmeans_standardized_geometry_v1
myx444nl,domain_02,kmeans_standardized_geometry_v1
z15bcw79,domain_02,kmeans_standardized_geometry_v1
0pdw5py6,domain_02,kmeans_standardized_geometry_v1
b2knftu2,domain_02,kmeans_standardized_geometry_v1
gc5wi6fq,domain_02,kmeans_standardized_geometry_v1
jja26yfp,domain_02,kmeans_standardized_geometry_v1
mvxpj4hn,domain_02,kmeans_standardized_geometry_v1
riuu9k9x,domain_02,kmeans_standardized_geometry_v1
juy0bvr6,domain_02,kmeans_standardized_geometry_v1
k2vmwwyz,domain_02,kmeans_standardized_geometry_v1
x4w6xlpu,domain_02,kmeans_standardized_geometry_v1
0dk0get8,domain_02,kmeans_standardized_geometry_v1
t63j3r30,domain_02,kmeans_standardized_geometry_v1
me8f8409,domain_02,kmeans_standardized_geometry_v1
82n2atqy,domain_02,kmeans_standardized_geometry_v1
yv37dia5,domain_02,kmeans_standardized_geometry_v1
u6hc36ko,domain_02,kmeans_standardized_geometry_v1
f8krd5eq,domain_02,kmeans_standardized_geometry_v1
y08p0fod,domain_02,kmeans_standardized_geometry_v1
ro8bnp84,domain_02,kmeans_standardized_geometry_v1
dyt9moge,domain_02,kmeans_standardized_geometry_v1
4qxxva2i,domain_02,kmeans_standardized_geometry_v1
euc1hh5l,domain_02,kmeans_standardized_geometry_v1
f6a4fejg,domain_02,kmeans_standardized_geometry_v1
xaa2ilgb,domain_02,kmeans_standardized_geometry_v1
0s0r2sds,domain_02,kmeans_standardized_geometry_v1
8b25sq8c,domain_02,kmeans_standardized_geometry_v1
royr6ccv,domain_02,kmeans_standardized_geometry_v1
cjwtl9tq,domain_02,kmeans_standardized_geometry_v1
vdz4x1zh,domain_02,kmeans_standardized_geometry_v1
qimqodpx,domain_02,kmeans_standardized_geometry_v1
nf7c3dd0,domain_02,kmeans_standardized_geometry_v1
3uvulemx,domain_01,kmeans_standardized_geometry_v1
15z8vmuh,domain_01,kmeans_standardized_geometry_v1
xid4n1u3,domain_01,kmeans_standardized_geometry_v1
493wxa73,domain_01,kmeans_standardized_geometry_v1
jgzlma5u,domain_01,kmeans_standardized_geometry_v1
ofwb0hpm,domain_01,kmeans_standardized_geometry_v1
nz1udbfw,domain_01,kmeans_standardized_geometry_v1
yjxrpj1e,domain_01,kmeans_standardized_geometry_v1
pkyrybov,domain_01,kmeans_standardized_geometry_v1
akhejla0,domain_01,kmeans_standardized_geometry_v1
gnzs43c5,domain_03,kmeans_standardized_geometry_v1
ba75uuzp,domain_03,kmeans_standardized_geometry_v1
eal2w37d,domain_03,kmeans_standardized_geometry_v1
4ivsolml,domain_03,kmeans_standardized_geometry_v1
gses6m03,domain_01,kmeans_standardized_geometry_v1
3ifhv1xg,domain_03,kmeans_standardized_geometry_v1
1r11q7uw,domain_03,kmeans_standardized_geometry_v1
w5wfcpkj,domain_03,kmeans_standardized_geometry_v1
cslqc3c5,domain_03,kmeans_standardized_geometry_v1
4wsqt26q,domain_01,kmeans_standardized_geometry_v1
3xlrfcd6,domain_03,kmeans_standardized_geometry_v1
mzsgipps,domain_01,kmeans_standardized_geometry_v1
fnkomv2x,domain_01,kmeans_standardized_geometry_v1
cdyk0x65,domain_01,kmeans_standardized_geometry_v1
mufm8zov,domain_01,kmeans_standardized_geometry_v1
7ln23y30,domain_01,kmeans_standardized_geometry_v1
ysxpnngh,domain_01,kmeans_standardized_geometry_v1
8riec4d1,domain_01,kmeans_standardized_geometry_v1
45bm1enf,domain_01,kmeans_standardized_geometry_v1
313fpoyi,domain_01,kmeans_standardized_geometry_v1
pk0qtl3q,domain_01,kmeans_standardized_geometry_v1
4n89qkns,domain_01,kmeans_standardized_geometry_v1
832ejx5t,domain_01,kmeans_standardized_geometry_v1
d44k1j6f,domain_03,kmeans_standardized_geometry_v1
p8hqmabs,domain_03,kmeans_standardized_geometry_v1
i9nb74x2,domain_03,kmeans_standardized_geometry_v1
ek3zezqa,domain_03,kmeans_standardized_geometry_v1
cj4t0sek,domain_01,kmeans_standardized_geometry_v1
kbp2qd6v,domain_03,kmeans_standardized_geometry_v1
asifpwio,domain_01,kmeans_standardized_geometry_v1
xd9css9t,domain_01,kmeans_standardized_geometry_v1
oqw9ja2m,domain_01,kmeans_standardized_geometry_v1
0w10lbt3,domain_03,kmeans_standardized_geometry_v1
g2qzw3c1,domain_01,kmeans_standardized_geometry_v1
qkbhb7s9,domain_01,kmeans_standardized_geometry_v1
t64z7w2s,domain_01,kmeans_standardized_geometry_v1
ehe2atn2,domain_01,kmeans_standardized_geometry_v1
twdl9zs1,domain_01,kmeans_standardized_geometry_v1
3c9xqym5,domain_01,kmeans_standardized_geometry_v1
2xg8p6be,domain_03,kmeans_standardized_geometry_v1
fflzm764,domain_01,kmeans_standardized_geometry_v1
jwtektsg,domain_06,kmeans_standardized_geometry_v1
7fxzv4u3,domain_01,kmeans_standardized_geometry_v1
bbxux1ox,domain_01,kmeans_standardized_geometry_v1
rwk8r2yk,domain_01,kmeans_standardized_geometry_v1
ccprhvlz,domain_01,kmeans_standardized_geometry_v1
049enulq,domain_01,kmeans_standardized_geometry_v1
jidknwi5,domain_03,kmeans_standardized_geometry_v1
flul1rsr,domain_01,kmeans_standardized_geometry_v1
la8s8hmb,domain_01,kmeans_standardized_geometry_v1
r5xqt4p5,domain_03,kmeans_standardized_geometry_v1
01nouhtc,domain_03,kmeans_standardized_geometry_v1
s1k9ye9o,domain_03,kmeans_standardized_geometry_v1
2m71hssb,domain_01,kmeans_standardized_geometry_v1
elrqvslw,domain_03,kmeans_standardized_geometry_v1
f90km3tz,domain_03,kmeans_standardized_geometry_v1
k3ny9v20,domain_03,kmeans_standardized_geometry_v1
yar821uz,domain_03,kmeans_standardized_geometry_v1
vgww4fyb,domain_05,kmeans_standardized_geometry_v1
8dalfyo1,domain_03,kmeans_standardized_geometry_v1
750cehlx,domain_03,kmeans_standardized_geometry_v1
slg6mm1z,domain_03,kmeans_standardized_geometry_v1
xyvgiui9,domain_01,kmeans_standardized_geometry_v1
kkhzlm72,domain_03,kmeans_standardized_geometry_v1
jeyn9382,domain_01,kmeans_standardized_geometry_v1
kkzmpjrh,domain_01,kmeans_standardized_geometry_v1
t7zewviy,domain_01,kmeans_standardized_geometry_v1
twbozd1a,domain_01,kmeans_standardized_geometry_v1
t7o75rh8,domain_03,kmeans_standardized_geometry_v1
lx6dut07,domain_01,kmeans_standardized_geometry_v1
6g5g79or,domain_01,kmeans_standardized_geometry_v1
7875aud9,domain_01,kmeans_standardized_geometry_v1
k9tr74qg,domain_01,kmeans_standardized_geometry_v1
efqjg02u,domain_03,kmeans_standardized_geometry_v1
1g463sdy,domain_03,kmeans_standardized_geometry_v1
gfliji18,domain_05,kmeans_standardized_geometry_v1
k0axycel,domain_05,kmeans_standardized_geometry_v1
os6zle6k,domain_05,kmeans_standardized_geometry_v1
whef0vot,domain_05,kmeans_standardized_geometry_v1
qtxhi15c,domain_05,kmeans_standardized_geometry_v1
qzcuctsu,domain_05,kmeans_standardized_geometry_v1
flsehuds,domain_05,kmeans_standardized_geometry_v1
3qsqcq30,domain_05,kmeans_standardized_geometry_v1
o30ubmc9,domain_05,kmeans_standardized_geometry_v1
7c7bo119,domain_05,kmeans_standardized_geometry_v1
xp9n56ny,domain_05,kmeans_standardized_geometry_v1
xtxmgtt0,domain_05,kmeans_standardized_geometry_v1
iaakytt3,domain_05,kmeans_standardized_geometry_v1
imj70e3p,domain_05,kmeans_standardized_geometry_v1
15ahdbvz,domain_05,kmeans_standardized_geometry_v1
b0oih5cs,domain_05,kmeans_standardized_geometry_v1
k30lvylk,domain_05,kmeans_standardized_geometry_v1
fxhkc856,domain_05,kmeans_standardized_geometry_v1
wpr97y2l,domain_05,kmeans_standardized_geometry_v1
ofn1r4kz,domain_05,kmeans_standardized_geometry_v1
36u8ueih,domain_05,kmeans_standardized_geometry_v1
x74d0gjy,domain_05,kmeans_standardized_geometry_v1
v5g10ur5,domain_05,kmeans_standardized_geometry_v1
l8a78e9r,domain_05,kmeans_standardized_geometry_v1
ivh6t1nt,domain_05,kmeans_standardized_geometry_v1
mjsrd9q4,domain_05,kmeans_standardized_geometry_v1
6nouhfj7,domain_05,kmeans_standardized_geometry_v1
upfln4rx,domain_05,kmeans_standardized_geometry_v1
yj38xrg2,domain_05,kmeans_standardized_geometry_v1
gzr7txcb,domain_05,kmeans_standardized_geometry_v1
48y1o4iz,domain_05,kmeans_standardized_geometry_v1
asnwywrr,domain_05,kmeans_standardized_geometry_v1
atatj9a3,domain_05,kmeans_standardized_geometry_v1
y36ddfgs,domain_05,kmeans_standardized_geometry_v1
3jonou9i,domain_05,kmeans_standardized_geometry_v1
y4x41dnt,domain_05,kmeans_standardized_geometry_v1
cagrp2u4,domain_05,kmeans_standardized_geometry_v1
dtbh55rb,domain_05,kmeans_standardized_geometry_v1
c76ub7l8,domain_05,kmeans_standardized_geometry_v1
v1zocfi4,domain_05,kmeans_standardized_geometry_v1
o6l1f90s,domain_05,kmeans_standardized_geometry_v1
9bp4m18o,domain_05,kmeans_standardized_geometry_v1
1bj9rm7p,domain_05,kmeans_standardized_geometry_v1
yxdw2zcf,domain_05,kmeans_standardized_geometry_v1
zw0ldalm,domain_05,kmeans_standardized_geometry_v1
jegqtoam,domain_05,kmeans_standardized_geometry_v1
dvlnknd6,domain_05,kmeans_standardized_geometry_v1
69ugnekr,domain_05,kmeans_standardized_geometry_v1
cpprcjiw,domain_05,kmeans_standardized_geometry_v1
vhdk8lw2,domain_05,kmeans_standardized_geometry_v1
lm349el8,domain_05,kmeans_standardized_geometry_v1
hl88kzru,domain_05,kmeans_standardized_geometry_v1
in3oeuvt,domain_05,kmeans_standardized_geometry_v1
yt8qzpky,domain_05,kmeans_standardized_geometry_v1
32orwixz,domain_05,kmeans_standardized_geometry_v1
2c9ros7y,domain_05,kmeans_standardized_geometry_v1
t2m6twd1,domain_05,kmeans_standardized_geometry_v1
xmxb9yo1,domain_05,kmeans_standardized_geometry_v1
8pajssuu,domain_05,kmeans_standardized_geometry_v1
qo1vsmad,domain_05,kmeans_standardized_geometry_v1
o8e7flqh,domain_05,kmeans_standardized_geometry_v1
rrpzlk3e,domain_05,kmeans_standardized_geometry_v1
4xyf9igf,domain_05,kmeans_standardized_geometry_v1
u8iogxpb,domain_05,kmeans_standardized_geometry_v1
whvnzh13,domain_05,kmeans_standardized_geometry_v1
cd5glqj5,domain_05,kmeans_standardized_geometry_v1
sxvwvm4w,domain_05,kmeans_standardized_geometry_v1
3zkwdeek,domain_05,kmeans_standardized_geometry_v1
gyspengw,domain_05,kmeans_standardized_geometry_v1
yx9trflq,domain_05,kmeans_standardized_geometry_v1
bmae38sr,domain_05,kmeans_standardized_geometry_v1
yo4rcb1k,domain_05,kmeans_standardized_geometry_v1
jtgq01te,domain_05,kmeans_standardized_geometry_v1
e13n3bzt,domain_05,kmeans_standardized_geometry_v1
9d31k9qm,domain_05,kmeans_standardized_geometry_v1
3p91i3vm,domain_05,kmeans_standardized_geometry_v1
zwffhhcm,domain_05,kmeans_standardized_geometry_v1
ktlzkj49,domain_05,kmeans_standardized_geometry_v1
yd82795e,domain_05,kmeans_standardized_geometry_v1
5iz31yru,domain_05,kmeans_standardized_geometry_v1
joqw5dsk,domain_05,kmeans_standardized_geometry_v1
7n8la100,domain_05,kmeans_standardized_geometry_v1
qxmcthph,domain_05,kmeans_standardized_geometry_v1
j3muurmy,domain_05,kmeans_standardized_geometry_v1
bd2qe4pa,domain_05,kmeans_standardized_geometry_v1
8hyexf7j,domain_05,kmeans_standardized_geometry_v1
xjn6fokz,domain_05,kmeans_standardized_geometry_v1
ixzareiy,domain_05,kmeans_standardized_geometry_v1
az39pecn,domain_05,kmeans_standardized_geometry_v1
0dl5e11e,domain_05,kmeans_standardized_geometry_v1
9ftaxp0w,domain_05,kmeans_standardized_geometry_v1
foy4dd1v,domain_05,kmeans_standardized_geometry_v1
n8lfjdtv,domain_05,kmeans_standardized_geometry_v1
v2y4xkss,domain_05,kmeans_standardized_geometry_v1
0kb68rer,domain_05,kmeans_standardized_geometry_v1
vt997e4u,domain_05,kmeans_standardized_geometry_v1
ny181acj,domain_05,kmeans_standardized_geometry_v1
bc2swsoz,domain_05,kmeans_standardized_geometry_v1
ctwjlsh3,domain_05,kmeans_standardized_geometry_v1
tow4ycz0,domain_05,kmeans_standardized_geometry_v1
4cdpqvl0,domain_05,kmeans_standardized_geometry_v1
0ezzf8s2,domain_05,kmeans_standardized_geometry_v1
zge2j51b,domain_05,kmeans_standardized_geometry_v1
3jczucqm,domain_05,kmeans_standardized_geometry_v1
runjdu0i,domain_05,kmeans_standardized_geometry_v1
sb5iqnf7,domain_05,kmeans_standardized_geometry_v1
4t60ploz,domain_05,kmeans_standardized_geometry_v1
jcns6g29,domain_05,kmeans_standardized_geometry_v1
8cqk4lta,domain_05,kmeans_standardized_geometry_v1
hukwqvr1,domain_05,kmeans_standardized_geometry_v1
h61iaoim,domain_05,kmeans_standardized_geometry_v1
458ax40d,domain_05,kmeans_standardized_geometry_v1
tirc9zd7,domain_05,kmeans_standardized_geometry_v1
6szn9dde,domain_05,kmeans_standardized_geometry_v1
3cup8ijl,domain_05,kmeans_standardized_geometry_v1
2z0ljch2,domain_05,kmeans_standardized_geometry_v1
vffqot8h,domain_05,kmeans_standardized_geometry_v1
ljefy3zb,domain_05,kmeans_standardized_geometry_v1
4ldimsyj,domain_05,kmeans_standardized_geometry_v1
9boq0iq2,domain_05,kmeans_standardized_geometry_v1
fa39e3nw,domain_05,kmeans_standardized_geometry_v1
xuj3ac6p,domain_05,kmeans_standardized_geometry_v1
e63lbqgu,domain_05,kmeans_standardized_geometry_v1
3obyghgk,domain_05,kmeans_standardized_geometry_v1
5bwikotc,domain_05,kmeans_standardized_geometry_v1
keh5sw22,domain_05,kmeans_standardized_geometry_v1
92mtr6sn,domain_05,kmeans_standardized_geometry_v1
glh62c9t,domain_05,kmeans_standardized_geometry_v1
199dxj37,domain_05,kmeans_standardized_geometry_v1
c9h42m44,domain_05,kmeans_standardized_geometry_v1
gv3z6bz8,domain_05,kmeans_standardized_geometry_v1
uug95rlr,domain_05,kmeans_standardized_geometry_v1
dihsa7he,domain_05,kmeans_standardized_geometry_v1
z74lav71,domain_05,kmeans_standardized_geometry_v1
448n7odk,domain_05,kmeans_standardized_geometry_v1
ef828xg8,domain_05,kmeans_standardized_geometry_v1
y72ivgly,domain_05,kmeans_standardized_geometry_v1
e088o98b,domain_05,kmeans_standardized_geometry_v1
v78hu7f0,domain_05,kmeans_standardized_geometry_v1
i9g5dzx5,domain_05,kmeans_standardized_geometry_v1
qjicjdan,domain_05,kmeans_standardized_geometry_v1
085rntdr,domain_05,kmeans_standardized_geometry_v1
5xyfc4kl,domain_05,kmeans_standardized_geometry_v1
8cgn0t6d,domain_05,kmeans_standardized_geometry_v1
vwrb7f6f,domain_05,kmeans_standardized_geometry_v1
dhgzz0jk,domain_05,kmeans_standardized_geometry_v1
ibu4fmpk,domain_05,kmeans_standardized_geometry_v1
xvhagkc4,domain_05,kmeans_standardized_geometry_v1
lorxdtg5,domain_05,kmeans_standardized_geometry_v1
nqjqijc1,domain_05,kmeans_standardized_geometry_v1
ydmt8vt4,domain_05,kmeans_standardized_geometry_v1
3pt5r5rc,domain_05,kmeans_standardized_geometry_v1
6zs62ywe,domain_05,kmeans_standardized_geometry_v1
1g983ep9,domain_05,kmeans_standardized_geometry_v1
p9w4j66c,domain_05,kmeans_standardized_geometry_v1
noljq52w,domain_05,kmeans_standardized_geometry_v1
spofv177,domain_05,kmeans_standardized_geometry_v1
udktmonr,domain_05,kmeans_standardized_geometry_v1
vbjfvyb6,domain_05,kmeans_standardized_geometry_v1
li076a3k,domain_05,kmeans_standardized_geometry_v1
krzd5e9p,domain_05,kmeans_standardized_geometry_v1
3jpxgh30,domain_05,kmeans_standardized_geometry_v1
153sflse,domain_05,kmeans_standardized_geometry_v1
45bg34iq,domain_05,kmeans_standardized_geometry_v1
7zj3sweb,domain_05,kmeans_standardized_geometry_v1
nvg5vmf6,domain_05,kmeans_standardized_geometry_v1
0yknfu84,domain_05,kmeans_standardized_geometry_v1
xyjoa21a,domain_05,kmeans_standardized_geometry_v1
6xvaj2k8,domain_05,kmeans_standardized_geometry_v1
xpnmjqy3,domain_05,kmeans_standardized_geometry_v1
odsx4nxv,domain_05,kmeans_standardized_geometry_v1
kdc9x5jz,domain_05,kmeans_standardized_geometry_v1
6kf1622v,domain_05,kmeans_standardized_geometry_v1
xyzx9jpn,domain_05,kmeans_standardized_geometry_v1
bzug0it2,domain_05,kmeans_standardized_geometry_v1
6ys445gd,domain_05,kmeans_standardized_geometry_v1
ej31gymd,domain_05,kmeans_standardized_geometry_v1
m0l2ljk4,domain_05,kmeans_standardized_geometry_v1
q5v7c6s5,domain_05,kmeans_standardized_geometry_v1
nkb4ehou,domain_05,kmeans_standardized_geometry_v1
6qlz2rwg,domain_05,kmeans_standardized_geometry_v1
waj1g1r1,domain_05,kmeans_standardized_geometry_v1
dwwo8nbh,domain_05,kmeans_standardized_geometry_v1
nal3gywi,domain_05,kmeans_standardized_geometry_v1
ymenvg3k,domain_05,kmeans_standardized_geometry_v1
k0vm59m6,domain_05,kmeans_standardized_geometry_v1
mg87oi0e,domain_05,kmeans_standardized_geometry_v1
0vgnxb5j,domain_05,kmeans_standardized_geometry_v1
tb9xxayp,domain_05,kmeans_standardized_geometry_v1
ntrfzwkx,domain_05,kmeans_standardized_geometry_v1
xjve3dze,domain_05,kmeans_standardized_geometry_v1
edhhjshz,domain_05,kmeans_standardized_geometry_v1
kbrh7lay,domain_05,kmeans_standardized_geometry_v1
64yfds0d,domain_05,kmeans_standardized_geometry_v1
ji9kqdgb,domain_05,kmeans_standardized_geometry_v1
k2l0d1b4,domain_05,kmeans_standardized_geometry_v1
xgmpw5d3,domain_05,kmeans_standardized_geometry_v1
go8jn42x,domain_05,kmeans_standardized_geometry_v1
2ezc7fov,domain_05,kmeans_standardized_geometry_v1
2ygnmby4,domain_05,kmeans_standardized_geometry_v1
9e7eobjl,domain_05,kmeans_standardized_geometry_v1
zy1uu9ym,domain_05,kmeans_standardized_geometry_v1
szdximyn,domain_05,kmeans_standardized_geometry_v1
4u9bxf44,domain_05,kmeans_standardized_geometry_v1
5cri8bix,domain_05,kmeans_standardized_geometry_v1
oiq2q4qe,domain_05,kmeans_standardized_geometry_v1
rxdouadv,domain_05,kmeans_standardized_geometry_v1
ei3zrrhf,domain_07,kmeans_standardized_geometry_v1
4abufwbu,domain_07,kmeans_standardized_geometry_v1
cjg8vuaz,domain_07,kmeans_standardized_geometry_v1
xkdq95g3,domain_07,kmeans_standardized_geometry_v1
v23gxj0m,domain_07,kmeans_standardized_geometry_v1
qvindh4s,domain_07,kmeans_standardized_geometry_v1
pfdrwb2s,domain_07,kmeans_standardized_geometry_v1
erev361x,domain_07,kmeans_standardized_geometry_v1
snbti22n,domain_07,kmeans_standardized_geometry_v1
v01zderi,domain_07,kmeans_standardized_geometry_v1
4k5ogz2u,domain_07,kmeans_standardized_geometry_v1
eaxylnfx,domain_07,kmeans_standardized_geometry_v1
j4pnjy1o,domain_07,kmeans_standardized_geometry_v1
2rntjlmz,domain_07,kmeans_standardized_geometry_v1
04x0qzfh,domain_07,kmeans_standardized_geometry_v1
omtzzf8a,domain_07,kmeans_standardized_geometry_v1
df7pchcb,domain_07,kmeans_standardized_geometry_v1
n9wszv83,domain_07,kmeans_standardized_geometry_v1
xphx2kbv,domain_07,kmeans_standardized_geometry_v1
sigbiaf9,domain_07,kmeans_standardized_geometry_v1
2movs0cd,domain_07,kmeans_standardized_geometry_v1
k36m8jvh,domain_07,kmeans_standardized_geometry_v1
7ujodck8,domain_07,kmeans_standardized_geometry_v1
2853uy8u,domain_07,kmeans_standardized_geometry_v1
118qqvae,domain_07,kmeans_standardized_geometry_v1
cw9yil8s,domain_07,kmeans_standardized_geometry_v1
a3idy3c7,domain_07,kmeans_standardized_geometry_v1
rm6j8y6r,domain_07,kmeans_standardized_geometry_v1
h05hhiwf,domain_07,kmeans_standardized_geometry_v1
d7yxw1tb,domain_07,kmeans_standardized_geometry_v1
rwr965r9,domain_07,kmeans_standardized_geometry_v1
6khub2rt,domain_07,kmeans_standardized_geometry_v1
soyg9zqy,domain_07,kmeans_standardized_geometry_v1
ahulwjti,domain_07,kmeans_standardized_geometry_v1
qwnrhzn4,domain_07,kmeans_standardized_geometry_v1
kgeuidji,domain_07,kmeans_standardized_geometry_v1
pnf8f3gr,domain_07,kmeans_standardized_geometry_v1
94sz2kuu,domain_07,kmeans_standardized_geometry_v1
oyc3rwqm,domain_07,kmeans_standardized_geometry_v1
mu7jae58,domain_07,kmeans_standardized_geometry_v1
huxg2myr,domain_07,kmeans_standardized_geometry_v1
06nkwfg3,domain_07,kmeans_standardized_geometry_v1
mwu4cfil,domain_07,kmeans_standardized_geometry_v1
kjxjq5nv,domain_07,kmeans_standardized_geometry_v1
8oga0x7z,domain_07,kmeans_standardized_geometry_v1
cgdc5tao,domain_07,kmeans_standardized_geometry_v1
1cjfx5li,domain_07,kmeans_standardized_geometry_v1
kwe4bx4l,domain_07,kmeans_standardized_geometry_v1
r9tjq8zg,domain_07,kmeans_standardized_geometry_v1
vwwusxlm,domain_07,kmeans_standardized_geometry_v1
t2pnjka3,domain_07,kmeans_standardized_geometry_v1
4mqa78ra,domain_07,kmeans_standardized_geometry_v1
pkianouo,domain_07,kmeans_standardized_geometry_v1
f0onjpi1,domain_07,kmeans_standardized_geometry_v1
63yk03o4,domain_07,kmeans_standardized_geometry_v1
gkwwjwga,domain_07,kmeans_standardized_geometry_v1
btgdjz0i,domain_07,kmeans_standardized_geometry_v1
frml29q2,domain_07,kmeans_standardized_geometry_v1
l48c1cqg,domain_07,kmeans_standardized_geometry_v1
433e1i1p,domain_07,kmeans_standardized_geometry_v1
0bq1s9ry,domain_07,kmeans_standardized_geometry_v1
llwb7sjw,domain_07,kmeans_standardized_geometry_v1
h55hewlg,domain_07,kmeans_standardized_geometry_v1
je2ab2rv,domain_07,kmeans_standardized_geometry_v1
ndfdw79w,domain_07,kmeans_standardized_geometry_v1
cxz2ei92,domain_07,kmeans_standardized_geometry_v1
12pgyme6,domain_07,kmeans_standardized_geometry_v1
rpkzggm0,domain_07,kmeans_standardized_geometry_v1
j36tcfkj,domain_07,kmeans_standardized_geometry_v1
nawnga41,domain_07,kmeans_standardized_geometry_v1
izxtnsrt,domain_07,kmeans_standardized_geometry_v1
wlxdsc4e,domain_07,kmeans_standardized_geometry_v1
5hrdu4xs,domain_07,kmeans_standardized_geometry_v1
zjnvc7hr,domain_07,kmeans_standardized_geometry_v1
6c2cu7on,domain_07,kmeans_standardized_geometry_v1
z3jbck88,domain_07,kmeans_standardized_geometry_v1
d0tgsiwg,domain_07,kmeans_standardized_geometry_v1
0odwmqx5,domain_07,kmeans_standardized_geometry_v1
ggomf9pm,domain_07,kmeans_standardized_geometry_v1
l9ln1p0v,domain_07,kmeans_standardized_geometry_v1
uh17j8qo,domain_07,kmeans_standardized_geometry_v1
09vs9kkh,domain_07,kmeans_standardized_geometry_v1
4a3yjtu7,domain_07,kmeans_standardized_geometry_v1
fbmenui3,domain_07,kmeans_standardized_geometry_v1
do7002g3,domain_07,kmeans_standardized_geometry_v1
yu6vk0uc,domain_07,kmeans_standardized_geometry_v1
c1m3o55i,domain_07,kmeans_standardized_geometry_v1
xva1nkbt,domain_07,kmeans_standardized_geometry_v1
fshb0oqv,domain_07,kmeans_standardized_geometry_v1
shkoecub,domain_07,kmeans_standardized_geometry_v1
ods1eeur,domain_07,kmeans_standardized_geometry_v1
xhw0ic1l,domain_07,kmeans_standardized_geometry_v1
7dypmlva,domain_07,kmeans_standardized_geometry_v1
k9w9pfb3,domain_07,kmeans_standardized_geometry_v1
hn14eb87,domain_07,kmeans_standardized_geometry_v1
53ayeqah,domain_07,kmeans_standardized_geometry_v1
thsjr0fz,domain_07,kmeans_standardized_geometry_v1
auxbgk2w,domain_07,kmeans_standardized_geometry_v1
bxanj4x5,domain_07,kmeans_standardized_geometry_v1
a5xin9dl,domain_07,kmeans_standardized_geometry_v1
5tgsq7ai,domain_07,kmeans_standardized_geometry_v1
tmofmmwi,domain_07,kmeans_standardized_geometry_v1
9s3w563b,domain_07,kmeans_standardized_geometry_v1
tkf6xdn8,domain_07,kmeans_standardized_geometry_v1
wwiif86l,domain_07,kmeans_standardized_geometry_v1
thet25lz,domain_07,kmeans_standardized_geometry_v1
se99f77l,domain_07,kmeans_standardized_geometry_v1
u8el5015,domain_07,kmeans_standardized_geometry_v1
oop767j2,domain_07,kmeans_standardized_geometry_v1
dg1wjuii,domain_07,kmeans_standardized_geometry_v1
ymyrsvzn,domain_07,kmeans_standardized_geometry_v1
4regb1aj,domain_07,kmeans_standardized_geometry_v1
o091c795,domain_07,kmeans_standardized_geometry_v1
rlqiob0n,domain_07,kmeans_standardized_geometry_v1
lw0vs52s,domain_07,kmeans_standardized_geometry_v1
q3b9so0u,domain_07,kmeans_standardized_geometry_v1
swbkok3q,domain_07,kmeans_standardized_geometry_v1
pwbsf3q0,domain_07,kmeans_standardized_geometry_v1
e27zeoqg,domain_07,kmeans_standardized_geometry_v1
vzhqjy62,domain_07,kmeans_standardized_geometry_v1
zeeqnsn2,domain_07,kmeans_standardized_geometry_v1
s8nn16ux,domain_07,kmeans_standardized_geometry_v1
f5gzpl1q,domain_07,kmeans_standardized_geometry_v1
weehwjq4,domain_07,kmeans_standardized_geometry_v1
ta5ivroc,domain_07,kmeans_standardized_geometry_v1
vitwu3bf,domain_07,kmeans_standardized_geometry_v1
xb4y4k7b,domain_07,kmeans_standardized_geometry_v1
pgyvyv2g,domain_07,kmeans_standardized_geometry_v1
qu7dknnc,domain_07,kmeans_standardized_geometry_v1
ptkezjss,domain_07,kmeans_standardized_geometry_v1
zwd0w9ry,domain_07,kmeans_standardized_geometry_v1
79kvls9m,domain_07,kmeans_standardized_geometry_v1
euswrgvz,domain_07,kmeans_standardized_geometry_v1
9aawe429,domain_07,kmeans_standardized_geometry_v1
omuwahk2,domain_07,kmeans_standardized_geometry_v1
lslaym0w,domain_07,kmeans_standardized_geometry_v1
bglmy62x,domain_07,kmeans_standardized_geometry_v1
rw6tm2o0,domain_07,kmeans_standardized_geometry_v1
4k0lthy2,domain_07,kmeans_standardized_geometry_v1
5m8kb9w4,domain_07,kmeans_standardized_geometry_v1
uov51zlb,domain_07,kmeans_standardized_geometry_v1
oriq8hke,domain_07,kmeans_standardized_geometry_v1
226parsg,domain_07,kmeans_standardized_geometry_v1
70s1f537,domain_07,kmeans_standardized_geometry_v1
ye0qzsa7,domain_07,kmeans_standardized_geometry_v1
yvdqbsxl,domain_07,kmeans_standardized_geometry_v1
ul6lgjlp,domain_07,kmeans_standardized_geometry_v1
efjawshm,domain_07,kmeans_standardized_geometry_v1
lfzkicwm,domain_07,kmeans_standardized_geometry_v1
peqydbpg,domain_07,kmeans_standardized_geometry_v1
vv4zwl3z,domain_07,kmeans_standardized_geometry_v1
yt91qe37,domain_07,kmeans_standardized_geometry_v1
qqyzqii4,domain_07,kmeans_standardized_geometry_v1
w6ozx25q,domain_07,kmeans_standardized_geometry_v1
brmqg1ve,domain_07,kmeans_standardized_geometry_v1
d32lx2to,domain_07,kmeans_standardized_geometry_v1
owt9nm3v,domain_07,kmeans_standardized_geometry_v1
2p2tixc7,domain_07,kmeans_standardized_geometry_v1
urvqt3g8,domain_07,kmeans_standardized_geometry_v1
cd31nrxd,domain_07,kmeans_standardized_geometry_v1
356wafft,domain_07,kmeans_standardized_geometry_v1
ouhylu6k,domain_07,kmeans_standardized_geometry_v1
7p9mda9o,domain_07,kmeans_standardized_geometry_v1
ekntbz3m,domain_07,kmeans_standardized_geometry_v1
55izolnn,domain_07,kmeans_standardized_geometry_v1
txrgn74f,domain_07,kmeans_standardized_geometry_v1
9yecazrp,domain_07,kmeans_standardized_geometry_v1
9dxoq2vp,domain_07,kmeans_standardized_geometry_v1
gstqmgvu,domain_07,kmeans_standardized_geometry_v1
4isotn9u,domain_07,kmeans_standardized_geometry_v1
zeryf099,domain_07,kmeans_standardized_geometry_v1
2qc6dr08,domain_07,kmeans_standardized_geometry_v1
cw2lbm2q,domain_07,kmeans_standardized_geometry_v1
sq0p82kb,domain_07,kmeans_standardized_geometry_v1
700ucrgb,domain_07,kmeans_standardized_geometry_v1
93wkcs4k,domain_07,kmeans_standardized_geometry_v1
ek4aegvf,domain_07,kmeans_standardized_geometry_v1
q3jzr25m,domain_07,kmeans_standardized_geometry_v1
df7fr91i,domain_07,kmeans_standardized_geometry_v1
pwh0mx1e,domain_07,kmeans_standardized_geometry_v1
gok01tnz,domain_07,kmeans_standardized_geometry_v1
rf5a7qy8,domain_07,kmeans_standardized_geometry_v1
yb7w8p74,domain_07,kmeans_standardized_geometry_v1
mjdxo100,domain_07,kmeans_standardized_geometry_v1
vhmygty3,domain_07,kmeans_standardized_geometry_v1
addqhkga,domain_07,kmeans_standardized_geometry_v1
d7x48wze,domain_07,kmeans_standardized_geometry_v1
4ex6u86z,domain_07,kmeans_standardized_geometry_v1
jq7w7jp6,domain_07,kmeans_standardized_geometry_v1
1lfc1nlc,domain_07,kmeans_standardized_geometry_v1
8jpr7vgr,domain_07,kmeans_standardized_geometry_v1
f1hx6zdc,domain_07,kmeans_standardized_geometry_v1
ujq6fx7x,domain_07,kmeans_standardized_geometry_v1
jz6us7rp,domain_07,kmeans_standardized_geometry_v1
422ta83r,domain_07,kmeans_standardized_geometry_v1
t8cq1xgb,domain_00,kmeans_standardized_geometry_v1
ngz6wmdw,domain_00,kmeans_standardized_geometry_v1
0fgzvrct,domain_00,kmeans_standardized_geometry_v1
lt4q9bc2,domain_00,kmeans_standardized_geometry_v1
be3yqy5f,domain_00,kmeans_standardized_geometry_v1
u7bfxq7b,domain_00,kmeans_standardized_geometry_v1
zegbl2qg,domain_00,kmeans_standardized_geometry_v1
v3dr2h2p,domain_00,kmeans_standardized_geometry_v1
39yl9ue4,domain_00,kmeans_standardized_geometry_v1
21vmefoz,domain_00,kmeans_standardized_geometry_v1
tp7bd4w1,domain_00,kmeans_standardized_geometry_v1
aragdx5o,domain_00,kmeans_standardized_geometry_v1
31yhxso7,domain_00,kmeans_standardized_geometry_v1
vbgr8w2m,domain_00,kmeans_standardized_geometry_v1
aietdn1t,domain_00,kmeans_standardized_geometry_v1
h1xjg2y8,domain_00,kmeans_standardized_geometry_v1
rgybxkpm,domain_00,kmeans_standardized_geometry_v1
21b07g2r,domain_00,kmeans_standardized_geometry_v1
e6zvlhyl,domain_00,kmeans_standardized_geometry_v1
2ld05nhq,domain_00,kmeans_standardized_geometry_v1
r6f7qnez,domain_00,kmeans_standardized_geometry_v1
w9heyce4,domain_00,kmeans_standardized_geometry_v1
qgm5v2ww,domain_00,kmeans_standardized_geometry_v1
g84d4r9v,domain_00,kmeans_standardized_geometry_v1
4k00ilu6,domain_00,kmeans_standardized_geometry_v1
vfua9bq1,domain_00,kmeans_standardized_geometry_v1
btr23qiu,domain_00,kmeans_standardized_geometry_v1
a08ekxdr,domain_00,kmeans_standardized_geometry_v1
kz40aq15,domain_00,kmeans_standardized_geometry_v1
o2nqw4c6,domain_00,kmeans_standardized_geometry_v1
lbpj8t22,domain_00,kmeans_standardized_geometry_v1
c50b8y5d,domain_00,kmeans_standardized_geometry_v1
nwnguczh,domain_00,kmeans_standardized_geometry_v1
9ier7u8h,domain_00,kmeans_standardized_geometry_v1
0imjyjcm,domain_00,kmeans_standardized_geometry_v1
rsezytkw,domain_00,kmeans_standardized_geometry_v1
2837c6qc,domain_00,kmeans_standardized_geometry_v1
6k8djzr5,domain_00,kmeans_standardized_geometry_v1
swk8temp,domain_00,kmeans_standardized_geometry_v1
xkc5i8xo,domain_00,kmeans_standardized_geometry_v1
mxlvz4qk,domain_00,kmeans_standardized_geometry_v1
e2gjr81b,domain_00,kmeans_standardized_geometry_v1
mqf7zk94,domain_00,kmeans_standardized_geometry_v1
yxfiblej,domain_00,kmeans_standardized_geometry_v1
gublmntf,domain_00,kmeans_standardized_geometry_v1
k7orfqla,domain_00,kmeans_standardized_geometry_v1
09lzrk79,domain_00,kmeans_standardized_geometry_v1
ufu6py06,domain_00,kmeans_standardized_geometry_v1
ftlo4qdb,domain_00,kmeans_standardized_geometry_v1
xvh7katq,domain_00,kmeans_standardized_geometry_v1
ydshlv76,domain_00,kmeans_standardized_geometry_v1
mf4nnkm9,domain_00,kmeans_standardized_geometry_v1
5d0p92k3,domain_00,kmeans_standardized_geometry_v1
8p6fvdhr,domain_00,kmeans_standardized_geometry_v1
59c81do6,domain_00,kmeans_standardized_geometry_v1
ouz1egnt,domain_00,kmeans_standardized_geometry_v1
b34kuqaa,domain_00,kmeans_standardized_geometry_v1
j84rx6pr,domain_00,kmeans_standardized_geometry_v1
yiej9c0u,domain_00,kmeans_standardized_geometry_v1
u5wryesu,domain_00,kmeans_standardized_geometry_v1
4fcl5efj,domain_00,kmeans_standardized_geometry_v1
p6mkt7s1,domain_00,kmeans_standardized_geometry_v1
gd1t53yk,domain_00,kmeans_standardized_geometry_v1
yydu3asn,domain_00,kmeans_standardized_geometry_v1
rm6dfhg6,domain_00,kmeans_standardized_geometry_v1
w3stt1eq,domain_00,kmeans_standardized_geometry_v1
c37rln36,domain_00,kmeans_standardized_geometry_v1
v1mzb3i4,domain_00,kmeans_standardized_geometry_v1
fieecy2c,domain_00,kmeans_standardized_geometry_v1
11bd2sce,domain_00,kmeans_standardized_geometry_v1
jcy127h6,domain_00,kmeans_standardized_geometry_v1
gmd478mf,domain_00,kmeans_standardized_geometry_v1
s0iuduah,domain_00,kmeans_standardized_geometry_v1
gk6t9dhs,domain_00,kmeans_standardized_geometry_v1
znvp8gmn,domain_00,kmeans_standardized_geometry_v1
hie9ede1,domain_00,kmeans_standardized_geometry_v1
zublekvl,domain_00,kmeans_standardized_geometry_v1
9ptk4gc4,domain_00,kmeans_standardized_geometry_v1
ryg9rdpx,domain_00,kmeans_standardized_geometry_v1
dfovd79c,domain_00,kmeans_standardized_geometry_v1
9mv9e40k,domain_00,kmeans_standardized_geometry_v1
zuj2xorv,domain_00,kmeans_standardized_geometry_v1
ork1djrw,domain_00,kmeans_standardized_geometry_v1
edbcy8ny,domain_00,kmeans_standardized_geometry_v1
fwdc112h,domain_00,kmeans_standardized_geometry_v1
xrjm4t8b,domain_00,kmeans_standardized_geometry_v1
p6nlnqbu,domain_00,kmeans_standardized_geometry_v1
4kzrezrd,domain_00,kmeans_standardized_geometry_v1
yxyur4so,domain_00,kmeans_standardized_geometry_v1
r8wm9lbb,domain_00,kmeans_standardized_geometry_v1
4m0a6mdm,domain_00,kmeans_standardized_geometry_v1
mmxixv6c,domain_00,kmeans_standardized_geometry_v1
kmalq5u6,domain_00,kmeans_standardized_geometry_v1
jzv9nou3,domain_00,kmeans_standardized_geometry_v1
dyms1mwn,domain_00,kmeans_standardized_geometry_v1
pr424tkb,domain_00,kmeans_standardized_geometry_v1
9oi0d4dm,domain_00,kmeans_standardized_geometry_v1
c2rh2xk2,domain_00,kmeans_standardized_geometry_v1
pthowq1g,domain_00,kmeans_standardized_geometry_v1
az5uh80q,domain_00,kmeans_standardized_geometry_v1
7tw1puws,domain_00,kmeans_standardized_geometry_v1
nffykpl3,domain_00,kmeans_standardized_geometry_v1
cho3xjvo,domain_00,kmeans_standardized_geometry_v1
egi3qupx,domain_00,kmeans_standardized_geometry_v1
bfej2xg4,domain_00,kmeans_standardized_geometry_v1
8ra4dv56,domain_00,kmeans_standardized_geometry_v1
onxd70fe,domain_00,kmeans_standardized_geometry_v1
07s387j5,domain_00,kmeans_standardized_geometry_v1
ie3lvo0i,domain_00,kmeans_standardized_geometry_v1
pfg8pjvr,domain_00,kmeans_standardized_geometry_v1
n8lpy857,domain_00,kmeans_standardized_geometry_v1
nz3a8v4x,domain_00,kmeans_standardized_geometry_v1
7y2itl8n,domain_00,kmeans_standardized_geometry_v1
3e54n6o9,domain_00,kmeans_standardized_geometry_v1
jd3ih66w,domain_00,kmeans_standardized_geometry_v1
51ob537q,domain_00,kmeans_standardized_geometry_v1
o4z533zs,domain_00,kmeans_standardized_geometry_v1
mv30qabx,domain_00,kmeans_standardized_geometry_v1
w2eowlcf,domain_00,kmeans_standardized_geometry_v1
s8314y2l,domain_00,kmeans_standardized_geometry_v1
r0jy32ho,domain_00,kmeans_standardized_geometry_v1
g585i87x,domain_00,kmeans_standardized_geometry_v1
w69hzgop,domain_00,kmeans_standardized_geometry_v1
jdn8ezp7,domain_00,kmeans_standardized_geometry_v1
qyezg52k,domain_00,kmeans_standardized_geometry_v1
re4v9kyp,domain_00,kmeans_standardized_geometry_v1
ofkjw6ny,domain_00,kmeans_standardized_geometry_v1
qaelyyzz,domain_00,kmeans_standardized_geometry_v1
0jdcli69,domain_00,kmeans_standardized_geometry_v1
78v0bjwk,domain_00,kmeans_standardized_geometry_v1
on8uujs7,domain_00,kmeans_standardized_geometry_v1
5eltfebe,domain_00,kmeans_standardized_geometry_v1
5407k5w1,domain_00,kmeans_standardized_geometry_v1
jl6l91f4,domain_00,kmeans_standardized_geometry_v1
x2bfibjz,domain_00,kmeans_standardized_geometry_v1
p97bmzrr,domain_00,kmeans_standardized_geometry_v1
45ed5ggs,domain_00,kmeans_standardized_geometry_v1
j6vv8suo,domain_00,kmeans_standardized_geometry_v1
c1y5ayyo,domain_00,kmeans_standardized_geometry_v1
v84fc3xq,domain_00,kmeans_standardized_geometry_v1
8va8x8l0,domain_00,kmeans_standardized_geometry_v1
08uhbxlb,domain_00,kmeans_standardized_geometry_v1
c8nog85d,domain_00,kmeans_standardized_geometry_v1
4f2k1xer,domain_00,kmeans_standardized_geometry_v1
p3lyex3s,domain_00,kmeans_standardized_geometry_v1
r5rup13w,domain_00,kmeans_standardized_geometry_v1
ppbmqiyf,domain_00,kmeans_standardized_geometry_v1
rwskp6rf,domain_00,kmeans_standardized_geometry_v1
e64skbcb,domain_00,kmeans_standardized_geometry_v1
dpdxujjc,domain_00,kmeans_standardized_geometry_v1
sexggoc5,domain_00,kmeans_standardized_geometry_v1
kvqywj85,domain_00,kmeans_standardized_geometry_v1
gg0v5dta,domain_00,kmeans_standardized_geometry_v1
egry58vr,domain_00,kmeans_standardized_geometry_v1
w9myyoke,domain_00,kmeans_standardized_geometry_v1
aea84hxx,domain_00,kmeans_standardized_geometry_v1
pw2gkqra,domain_00,kmeans_standardized_geometry_v1
ffz8q4vh,domain_00,kmeans_standardized_geometry_v1
u4bawz94,domain_00,kmeans_standardized_geometry_v1
0vtkrrvw,domain_00,kmeans_standardized_geometry_v1
y3rztplc,domain_00,kmeans_standardized_geometry_v1
6prr7mza,domain_00,kmeans_standardized_geometry_v1
kgmih6mv,domain_00,kmeans_standardized_geometry_v1
4xekz83y,domain_00,kmeans_standardized_geometry_v1
0224wk0y,domain_00,kmeans_standardized_geometry_v1
ehvdo9kh,domain_00,kmeans_standardized_geometry_v1
ba5mf36b,domain_00,kmeans_standardized_geometry_v1
cpweijmm,domain_00,kmeans_standardized_geometry_v1
b5jfysyz,domain_00,kmeans_standardized_geometry_v1
7pq4ddv2,domain_00,kmeans_standardized_geometry_v1
83bdw56f,domain_00,kmeans_standardized_geometry_v1
kps0dxme,domain_00,kmeans_standardized_geometry_v1
4po1i3ms,domain_00,kmeans_standardized_geometry_v1
dn1mxf1p,domain_00,kmeans_standardized_geometry_v1
i2ooq42n,domain_00,kmeans_standardized_geometry_v1
bfa37dl9,domain_00,kmeans_standardized_geometry_v1
fc1xx6cw,domain_00,kmeans_standardized_geometry_v1
zxskoytk,domain_00,kmeans_standardized_geometry_v1
06akt7zq,domain_00,kmeans_standardized_geometry_v1
ht2xz52o,domain_00,kmeans_standardized_geometry_v1
hkbm00e9,domain_00,kmeans_standardized_geometry_v1
kdts1fb2,domain_00,kmeans_standardized_geometry_v1
vi109dcn,domain_00,kmeans_standardized_geometry_v1
wmbxek0q,domain_00,kmeans_standardized_geometry_v1
929u6wtv,domain_00,kmeans_standardized_geometry_v1
mk2zyzsi,domain_00,kmeans_standardized_geometry_v1
lu3ndz3c,domain_00,kmeans_standardized_geometry_v1
c5rqnsvs,domain_00,kmeans_standardized_geometry_v1
ojrpp7r9,domain_00,kmeans_standardized_geometry_v1
3fezez5e,domain_00,kmeans_standardized_geometry_v1
hr07n8vo,domain_00,kmeans_standardized_geometry_v1
eubfn9kr,domain_00,kmeans_standardized_geometry_v1
2fvb66h3,domain_00,kmeans_standardized_geometry_v1
rem5puu6,domain_00,kmeans_standardized_geometry_v1
2rzv1sqq,domain_00,kmeans_standardized_geometry_v1
q5l2xoio,domain_00,kmeans_standardized_geometry_v1
t860x5zu,domain_00,kmeans_standardized_geometry_v1
2zueugwu,domain_00,kmeans_standardized_geometry_v1
bugr6e7g,domain_00,kmeans_standardized_geometry_v1
a2iz5p3v,domain_00,kmeans_standardized_geometry_v1
ob5apo4l,domain_00,kmeans_standardized_geometry_v1
jedgfjdl,domain_00,kmeans_standardized_geometry_v1
ogwlacol,domain_00,kmeans_standardized_geometry_v1
oln3eh1v,domain_00,kmeans_standardized_geometry_v1
r1necqor,domain_00,kmeans_standardized_geometry_v1
oi5j8yit,domain_00,kmeans_standardized_geometry_v1
2kodwh8n,domain_00,kmeans_standardized_geometry_v1
92tp6qaq,domain_00,kmeans_standardized_geometry_v1
3k8a7rv4,domain_00,kmeans_standardized_geometry_v1
nmwvsb0u,domain_00,kmeans_standardized_geometry_v1
koefukpv,domain_00,kmeans_standardized_geometry_v1
8lymj1qi,domain_00,kmeans_standardized_geometry_v1
9mqvayxa,domain_00,kmeans_standardized_geometry_v1
r6yo6z1t,domain_00,kmeans_standardized_geometry_v1
2xcb3yym,domain_00,kmeans_standardized_geometry_v1
33mg1zaq,domain_00,kmeans_standardized_geometry_v1
7qhak7md,domain_00,kmeans_standardized_geometry_v1
wkzirnk6,domain_00,kmeans_standardized_geometry_v1
zhh3o5ur,domain_00,kmeans_standardized_geometry_v1
txuyucec,domain_00,kmeans_standardized_geometry_v1
juis2gy9,domain_00,kmeans_standardized_geometry_v1
ytjuq7x7,domain_00,kmeans_standardized_geometry_v1
b7p9jyqn,domain_00,kmeans_standardized_geometry_v1
15ikpqah,domain_00,kmeans_standardized_geometry_v1
cua09pci,domain_00,kmeans_standardized_geometry_v1
flwdr3vw,domain_00,kmeans_standardized_geometry_v1
mjdimbm2,domain_00,kmeans_standardized_geometry_v1
71w1wudc,domain_00,kmeans_standardized_geometry_v1
bl4ce7pk,domain_00,kmeans_standardized_geometry_v1
wcyuknd1,domain_00,kmeans_standardized_geometry_v1
ivxan25w,domain_00,kmeans_standardized_geometry_v1
m72qlgdv,domain_00,kmeans_standardized_geometry_v1
c2guwjp0,domain_00,kmeans_standardized_geometry_v1
qi2clp81,domain_00,kmeans_standardized_geometry_v1
l51flmna,domain_00,kmeans_standardized_geometry_v1
vycs44ph,domain_00,kmeans_standardized_geometry_v1
h62myz9v,domain_00,kmeans_standardized_geometry_v1
lu8wpfq2,domain_00,kmeans_standardized_geometry_v1
bhaiiwi0,domain_00,kmeans_standardized_geometry_v1
8l0hg9nc,domain_00,kmeans_standardized_geometry_v1
bekgv1bb,domain_00,kmeans_standardized_geometry_v1
hg5zmtga,domain_00,kmeans_standardized_geometry_v1
46ayn2d7,domain_00,kmeans_standardized_geometry_v1
ki3x7995,domain_00,kmeans_standardized_geometry_v1
5cf72gnn,domain_00,kmeans_standardized_geometry_v1
v9ibwgt2,domain_00,kmeans_standardized_geometry_v1
lb25485h,domain_00,kmeans_standardized_geometry_v1
cqxcs1xs,domain_00,kmeans_standardized_geometry_v1
rqlnzzrj,domain_00,kmeans_standardized_geometry_v1
o7vbhh5o,domain_00,kmeans_standardized_geometry_v1
l5u7nted,domain_00,kmeans_standardized_geometry_v1
qmvqwpqo,domain_00,kmeans_standardized_geometry_v1
2lngixmc,domain_00,kmeans_standardized_geometry_v1
4sx27dcb,domain_00,kmeans_standardized_geometry_v1
om2zkf5b,domain_06,kmeans_standardized_geometry_v1
1sa3y5t3,domain_06,kmeans_standardized_geometry_v1
7szpf9s9,domain_06,kmeans_standardized_geometry_v1
ehwhg0u4,domain_06,kmeans_standardized_geometry_v1
3qlx3f2x,domain_06,kmeans_standardized_geometry_v1
hdcv4bkt,domain_06,kmeans_standardized_geometry_v1
cv1ltwbj,domain_06,kmeans_standardized_geometry_v1
9uu2bl7a,domain_06,kmeans_standardized_geometry_v1
mkoh109z,domain_06,kmeans_standardized_geometry_v1
do0d3fvn,domain_06,kmeans_standardized_geometry_v1
v4kfq5dz,domain_06,kmeans_standardized_geometry_v1
53x1f8s0,domain_06,kmeans_standardized_geometry_v1
x7m2mm4p,domain_06,kmeans_standardized_geometry_v1
61nhvcfw,domain_06,kmeans_standardized_geometry_v1
r2f5t82d,domain_06,kmeans_standardized_geometry_v1
dl7fkndg,domain_06,kmeans_standardized_geometry_v1
1jrj5xfe,domain_06,kmeans_standardized_geometry_v1
ub4o47en,domain_06,kmeans_standardized_geometry_v1
48nysj5y,domain_06,kmeans_standardized_geometry_v1
wx0i3a4k,domain_06,kmeans_standardized_geometry_v1
focnqdqx,domain_06,kmeans_standardized_geometry_v1
6qd0771h,domain_06,kmeans_standardized_geometry_v1
ll9rzrkb,domain_06,kmeans_standardized_geometry_v1
fqxlbvn7,domain_06,kmeans_standardized_geometry_v1
nprb58yj,domain_06,kmeans_standardized_geometry_v1
wdcokz5s,domain_06,kmeans_standardized_geometry_v1
yj3d6m1f,domain_06,kmeans_standardized_geometry_v1
mpryfzmy,domain_06,kmeans_standardized_geometry_v1
oa2vcywl,domain_06,kmeans_standardized_geometry_v1
9700lfqf,domain_06,kmeans_standardized_geometry_v1
5e8osaq3,domain_06,kmeans_standardized_geometry_v1
eq8dh9pt,domain_06,kmeans_standardized_geometry_v1
fnm88ua3,domain_06,kmeans_standardized_geometry_v1
a6s5zxqo,domain_06,kmeans_standardized_geometry_v1
mts1egpg,domain_06,kmeans_standardized_geometry_v1
vtn4ypkw,domain_06,kmeans_standardized_geometry_v1
7493dxwo,domain_06,kmeans_standardized_geometry_v1
r17dpubk,domain_06,kmeans_standardized_geometry_v1
piqnhqe8,domain_06,kmeans_standardized_geometry_v1
6o3z0ani,domain_06,kmeans_standardized_geometry_v1
k5j42oi6,domain_06,kmeans_standardized_geometry_v1
oafn33vm,domain_06,kmeans_standardized_geometry_v1
89i9gx32,domain_06,kmeans_standardized_geometry_v1
uew9g6sp,domain_06,kmeans_standardized_geometry_v1
d2sw24wj,domain_06,kmeans_standardized_geometry_v1
t8hdpwvb,domain_06,kmeans_standardized_geometry_v1
z7cn0eqw,domain_06,kmeans_standardized_geometry_v1
mi6kti22,domain_06,kmeans_standardized_geometry_v1
1xj7wwud,domain_06,kmeans_standardized_geometry_v1
qvdk6drn,domain_06,kmeans_standardized_geometry_v1
4orac8cy,domain_06,kmeans_standardized_geometry_v1
nl63gagu,domain_06,kmeans_standardized_geometry_v1
vb99rwtf,domain_06,kmeans_standardized_geometry_v1
07gbasf5,domain_06,kmeans_standardized_geometry_v1
ehlh07jr,domain_06,kmeans_standardized_geometry_v1
8mtk0rso,domain_06,kmeans_standardized_geometry_v1
ggy5kov1,domain_06,kmeans_standardized_geometry_v1
l28r5p03,domain_06,kmeans_standardized_geometry_v1
wvpunwcg,domain_06,kmeans_standardized_geometry_v1
bsvk3x8m,domain_06,kmeans_standardized_geometry_v1
bgl2mcxn,domain_06,kmeans_standardized_geometry_v1
2elalq26,domain_06,kmeans_standardized_geometry_v1
unvsdkv5,domain_06,kmeans_standardized_geometry_v1
4c6p1llh,domain_06,kmeans_standardized_geometry_v1
2r9pegln,domain_06,kmeans_standardized_geometry_v1
ukx496k4,domain_06,kmeans_standardized_geometry_v1
o67bxcd2,domain_06,kmeans_standardized_geometry_v1
0j1oulwo,domain_06,kmeans_standardized_geometry_v1
zq48enwb,domain_06,kmeans_standardized_geometry_v1
badlypgg,domain_06,kmeans_standardized_geometry_v1
6n6975j2,domain_06,kmeans_standardized_geometry_v1
d8clw3jg,domain_06,kmeans_standardized_geometry_v1
eqe5158o,domain_06,kmeans_standardized_geometry_v1
qesux9l0,domain_06,kmeans_standardized_geometry_v1
ijkcu5x0,domain_06,kmeans_standardized_geometry_v1
hc8cah3g,domain_06,kmeans_standardized_geometry_v1
dhvs41lq,domain_06,kmeans_standardized_geometry_v1
fs6hn95s,domain_06,kmeans_standardized_geometry_v1
2gkfl5xf,domain_06,kmeans_standardized_geometry_v1
50i6gbxq,domain_06,kmeans_standardized_geometry_v1
j7dpfssb,domain_06,kmeans_standardized_geometry_v1
jdx0pkov,domain_06,kmeans_standardized_geometry_v1
trpyx8hb,domain_06,kmeans_standardized_geometry_v1
bjcdiwzo,domain_06,kmeans_standardized_geometry_v1
d05jh2mk,domain_06,kmeans_standardized_geometry_v1
v0dszrk6,domain_06,kmeans_standardized_geometry_v1
ilcg6far,domain_06,kmeans_standardized_geometry_v1
mgjcy4v8,domain_06,kmeans_standardized_geometry_v1
urid3u94,domain_06,kmeans_standardized_geometry_v1
sgfdk0q0,domain_06,kmeans_standardized_geometry_v1
9jrnamz6,domain_06,kmeans_standardized_geometry_v1
146vey0a,domain_06,kmeans_standardized_geometry_v1
94xfri09,domain_06,kmeans_standardized_geometry_v1
m0g8w85y,domain_06,kmeans_standardized_geometry_v1
6q8sjy5o,domain_06,kmeans_standardized_geometry_v1
p9lbsmwp,domain_06,kmeans_standardized_geometry_v1
q82k8ryq,domain_06,kmeans_standardized_geometry_v1
f8wxkk2a,domain_06,kmeans_standardized_geometry_v1
bkvblpxa,domain_06,kmeans_standardized_geometry_v1
jmk4x1fd,domain_06,kmeans_standardized_geometry_v1
j9hvchrm,domain_06,kmeans_standardized_geometry_v1
3wp8djkl,domain_06,kmeans_standardized_geometry_v1
uyluyhet,domain_06,kmeans_standardized_geometry_v1
kduwtn5p,domain_06,kmeans_standardized_geometry_v1
epl7zqpp,domain_06,kmeans_standardized_geometry_v1
oau8p1wk,domain_06,kmeans_standardized_geometry_v1
isetuk1o,domain_06,kmeans_standardized_geometry_v1
oa35qbb3,domain_06,kmeans_standardized_geometry_v1
xmdkrlc0,domain_06,kmeans_standardized_geometry_v1
y0bhf0ri,domain_06,kmeans_standardized_geometry_v1
y4kl9ary,domain_06,kmeans_standardized_geometry_v1
eavedhr3,domain_06,kmeans_standardized_geometry_v1
pceo934t,domain_06,kmeans_standardized_geometry_v1
3y4wpwg3,domain_06,kmeans_standardized_geometry_v1
xg0trky8,domain_06,kmeans_standardized_geometry_v1
ryozdppb,domain_06,kmeans_standardized_geometry_v1
quakx6wb,domain_06,kmeans_standardized_geometry_v1
68q0j9m4,domain_06,kmeans_standardized_geometry_v1
smzocxmz,domain_06,kmeans_standardized_geometry_v1
mz2k1ko6,domain_06,kmeans_standardized_geometry_v1
xnqxu71s,domain_06,kmeans_standardized_geometry_v1
el8mwob4,domain_06,kmeans_standardized_geometry_v1
fdd7r193,domain_06,kmeans_standardized_geometry_v1
0i6g61pc,domain_06,kmeans_standardized_geometry_v1
we4c1v47,domain_06,kmeans_standardized_geometry_v1
lzn9uhjp,domain_06,kmeans_standardized_geometry_v1
khf33guw,domain_06,kmeans_standardized_geometry_v1
yh36motc,domain_06,kmeans_standardized_geometry_v1
g06xr3ur,domain_06,kmeans_standardized_geometry_v1
mwuecpnc,domain_06,kmeans_standardized_geometry_v1
c2keivli,domain_06,kmeans_standardized_geometry_v1
77jzc58c,domain_06,kmeans_standardized_geometry_v1
u47soczd,domain_06,kmeans_standardized_geometry_v1
q7jbmjm1,domain_06,kmeans_standardized_geometry_v1
ft07x5ic,domain_06,kmeans_standardized_geometry_v1
86z1b98v,domain_06,kmeans_standardized_geometry_v1
wct8jbbs,domain_06,kmeans_standardized_geometry_v1
xpk48ab1,domain_06,kmeans_standardized_geometry_v1
3t4y0tb1,domain_06,kmeans_standardized_geometry_v1
zppep69n,domain_06,kmeans_standardized_geometry_v1
gpcivi05,domain_06,kmeans_standardized_geometry_v1
2u9az3ce,domain_06,kmeans_standardized_geometry_v1
gbmxikvr,domain_06,kmeans_standardized_geometry_v1
ecjtr0m6,domain_07,kmeans_standardized_geometry_v1
hz72kxsj,domain_07,kmeans_standardized_geometry_v1
zsb6zwkh,domain_07,kmeans_standardized_geometry_v1
e9i0hn3f,domain_07,kmeans_standardized_geometry_v1
9zxqerbk,domain_07,kmeans_standardized_geometry_v1
n3dkvr5n,domain_07,kmeans_standardized_geometry_v1
bhgpbktm,domain_07,kmeans_standardized_geometry_v1
av6763v1,domain_07,kmeans_standardized_geometry_v1
m3pp00cd,domain_07,kmeans_standardized_geometry_v1
nzy47quu,domain_07,kmeans_standardized_geometry_v1
sfn07ea2,domain_07,kmeans_standardized_geometry_v1
8ditmown,domain_07,kmeans_standardized_geometry_v1
x23veulj,domain_07,kmeans_standardized_geometry_v1
gqpq8r4h,domain_07,kmeans_standardized_geometry_v1
c7jvlcg1,domain_07,kmeans_standardized_geometry_v1
j5ewfwbe,domain_07,kmeans_standardized_geometry_v1
by4ubzcz,domain_07,kmeans_standardized_geometry_v1
jjy4mzvm,domain_07,kmeans_standardized_geometry_v1
cpsiln3o,domain_07,kmeans_standardized_geometry_v1
x5fl2mox,domain_07,kmeans_standardized_geometry_v1
q9wfb76a,domain_07,kmeans_standardized_geometry_v1
v3s2sumh,domain_07,kmeans_standardized_geometry_v1
3b0n9cc7,domain_07,kmeans_standardized_geometry_v1
isutp04s,domain_07,kmeans_standardized_geometry_v1
brspj4ki,domain_07,kmeans_standardized_geometry_v1
i1nq0ei0,domain_07,kmeans_standardized_geometry_v1
5nms6xvq,domain_07,kmeans_standardized_geometry_v1
pu3et1ov,domain_07,kmeans_standardized_geometry_v1
ejklcp9u,domain_07,kmeans_standardized_geometry_v1
w165aejt,domain_07,kmeans_standardized_geometry_v1
70ebpy9e,domain_07,kmeans_standardized_geometry_v1
576mouze,domain_07,kmeans_standardized_geometry_v1
66vw9b0m,domain_07,kmeans_standardized_geometry_v1
qoq4kreg,domain_07,kmeans_standardized_geometry_v1
167d6vnx,domain_07,kmeans_standardized_geometry_v1
npsv8dkm,domain_07,kmeans_standardized_geometry_v1
u6u4pllg,domain_07,kmeans_standardized_geometry_v1
f309hsuw,domain_07,kmeans_standardized_geometry_v1
dkejp5k7,domain_07,kmeans_standardized_geometry_v1
917xfh41,domain_07,kmeans_standardized_geometry_v1
a68t2a3a,domain_07,kmeans_standardized_geometry_v1
h7u0s3kd,domain_07,kmeans_standardized_geometry_v1
z4ppj590,domain_07,kmeans_standardized_geometry_v1
emc20lsj,domain_07,kmeans_standardized_geometry_v1
ws1zl7p7,domain_07,kmeans_standardized_geometry_v1
2l4x5bwa,domain_07,kmeans_standardized_geometry_v1
en7yjf30,domain_07,kmeans_standardized_geometry_v1
kh5840ac,domain_07,kmeans_standardized_geometry_v1
uhgpjnvw,domain_07,kmeans_standardized_geometry_v1
rxgkikr2,domain_07,kmeans_standardized_geometry_v1
omrde51k,domain_07,kmeans_standardized_geometry_v1
8lxeqlez,domain_07,kmeans_standardized_geometry_v1
z1r2roik,domain_07,kmeans_standardized_geometry_v1
s62c1jlo,domain_07,kmeans_standardized_geometry_v1
po6j0m3l,domain_07,kmeans_standardized_geometry_v1
oufhw8wl,domain_07,kmeans_standardized_geometry_v1
va02dz61,domain_07,kmeans_standardized_geometry_v1
txsnhft4,domain_07,kmeans_standardized_geometry_v1
i26lh07b,domain_07,kmeans_standardized_geometry_v1
a7dorfki,domain_07,kmeans_standardized_geometry_v1
1ije2xe0,domain_07,kmeans_standardized_geometry_v1
jdcz1oa3,domain_07,kmeans_standardized_geometry_v1
vf02gvll,domain_07,kmeans_standardized_geometry_v1
sajhjxqk,domain_07,kmeans_standardized_geometry_v1
d8ur6tia,domain_07,kmeans_standardized_geometry_v1
rontdi9o,domain_07,kmeans_standardized_geometry_v1
inuxl39d,domain_07,kmeans_standardized_geometry_v1
g5rifwr0,domain_07,kmeans_standardized_geometry_v1
ui1jlmfl,domain_07,kmeans_standardized_geometry_v1
uoay12tl,domain_07,kmeans_standardized_geometry_v1
xlzs49cd,domain_07,kmeans_standardized_geometry_v1
zn1f0fp8,domain_07,kmeans_standardized_geometry_v1
bpg2r0to,domain_07,kmeans_standardized_geometry_v1
kpk7yswn,domain_07,kmeans_standardized_geometry_v1
xfshwzsj,domain_07,kmeans_standardized_geometry_v1
q77z4es3,domain_07,kmeans_standardized_geometry_v1
aofc9lgy,domain_07,kmeans_standardized_geometry_v1
tlcqfmui,domain_07,kmeans_standardized_geometry_v1
w7j35vlw,domain_07,kmeans_standardized_geometry_v1
ojtxcf0k,domain_07,kmeans_standardized_geometry_v1
jd2v1l1v,domain_07,kmeans_standardized_geometry_v1
j35yrg29,domain_07,kmeans_standardized_geometry_v1
d2ff5l6b,domain_07,kmeans_standardized_geometry_v1
spxlseun,domain_07,kmeans_standardized_geometry_v1
nrlst548,domain_07,kmeans_standardized_geometry_v1
84z4ur2y,domain_07,kmeans_standardized_geometry_v1
upmanqy0,domain_07,kmeans_standardized_geometry_v1
hu97ng0a,domain_07,kmeans_standardized_geometry_v1
psaldnj7,domain_07,kmeans_standardized_geometry_v1
vbjrbzjw,domain_07,kmeans_standardized_geometry_v1
83579wrr,domain_07,kmeans_standardized_geometry_v1
513bb6f0,domain_07,kmeans_standardized_geometry_v1
5ep4cwcd,domain_07,kmeans_standardized_geometry_v1
t9gwa44l,domain_07,kmeans_standardized_geometry_v1
z6v7s7o4,domain_07,kmeans_standardized_geometry_v1
yc3s0dpj,domain_07,kmeans_standardized_geometry_v1
hsg04ajm,domain_07,kmeans_standardized_geometry_v1
muzuqed0,domain_07,kmeans_standardized_geometry_v1
gv812hnc,domain_07,kmeans_standardized_geometry_v1
0i4x6g1e,domain_07,kmeans_standardized_geometry_v1
bzgflig5,domain_07,kmeans_standardized_geometry_v1
gkzjrumx,domain_07,kmeans_standardized_geometry_v1
qw3b4nth,domain_07,kmeans_standardized_geometry_v1
zm32hzs3,domain_07,kmeans_standardized_geometry_v1
2d1jqbex,domain_07,kmeans_standardized_geometry_v1
gfvnnvbz,domain_07,kmeans_standardized_geometry_v1
w5apmxd6,domain_07,kmeans_standardized_geometry_v1
lqga3qup,domain_07,kmeans_standardized_geometry_v1
o4jnmyk8,domain_07,kmeans_standardized_geometry_v1
516sp18o,domain_07,kmeans_standardized_geometry_v1
bs7587h9,domain_07,kmeans_standardized_geometry_v1
1el88l12,domain_07,kmeans_standardized_geometry_v1
qfaf5kci,domain_07,kmeans_standardized_geometry_v1
hdiy4nrm,domain_07,kmeans_standardized_geometry_v1
qyz6y3z1,domain_07,kmeans_standardized_geometry_v1
de1e1630,domain_07,kmeans_standardized_geometry_v1
pocr0vhv,domain_07,kmeans_standardized_geometry_v1
1nm3v16x,domain_07,kmeans_standardized_geometry_v1
eghpmxpk,domain_07,kmeans_standardized_geometry_v1
n3b8pfy4,domain_07,kmeans_standardized_geometry_v1
qcyd52al,domain_07,kmeans_standardized_geometry_v1
unqr8o1k,domain_07,kmeans_standardized_geometry_v1
jwv2qnrm,domain_07,kmeans_standardized_geometry_v1
tn29tnyf,domain_07,kmeans_standardized_geometry_v1
m7vh30qb,domain_07,kmeans_standardized_geometry_v1
kern6yjm,domain_07,kmeans_standardized_geometry_v1
k3tgmalw,domain_07,kmeans_standardized_geometry_v1
vmb0idd0,domain_07,kmeans_standardized_geometry_v1
wpj8yi34,domain_07,kmeans_standardized_geometry_v1
0sqcnf9w,domain_07,kmeans_standardized_geometry_v1
5n9c70pa,domain_07,kmeans_standardized_geometry_v1
8jx54peg,domain_07,kmeans_standardized_geometry_v1
jks4i2nr,domain_07,kmeans_standardized_geometry_v1
1p02jyv6,domain_07,kmeans_standardized_geometry_v1
yjoaoejv,domain_07,kmeans_standardized_geometry_v1
9lhalckz,domain_07,kmeans_standardized_geometry_v1
3vwlo7am,domain_07,kmeans_standardized_geometry_v1
mpq0hzyj,domain_07,kmeans_standardized_geometry_v1
b48wumh9,domain_07,kmeans_standardized_geometry_v1
nklybwgm,domain_07,kmeans_standardized_geometry_v1
p9a9uri7,domain_07,kmeans_standardized_geometry_v1
ev4dh9ug,domain_07,kmeans_standardized_geometry_v1
f10oo1pv,domain_07,kmeans_standardized_geometry_v1
lnd581lt,domain_07,kmeans_standardized_geometry_v1
o4rq3q7g,domain_07,kmeans_standardized_geometry_v1
ktmqg6nx,domain_07,kmeans_standardized_geometry_v1
9owwew9v,domain_07,kmeans_standardized_geometry_v1
08liuqdn,domain_07,kmeans_standardized_geometry_v1
05xt54fn,domain_07,kmeans_standardized_geometry_v1
5g77lk6h,domain_07,kmeans_standardized_geometry_v1
qiv929se,domain_07,kmeans_standardized_geometry_v1
vl7fq8ab,domain_07,kmeans_standardized_geometry_v1
y595cpjz,domain_07,kmeans_standardized_geometry_v1
e1xtar0k,domain_07,kmeans_standardized_geometry_v1
o31nzsxp,domain_07,kmeans_standardized_geometry_v1
efj31ego,domain_07,kmeans_standardized_geometry_v1
m62hdxc6,domain_07,kmeans_standardized_geometry_v1
rijkq2zu,domain_07,kmeans_standardized_geometry_v1
v1fkhnnk,domain_07,kmeans_standardized_geometry_v1
8fwrpk0z,domain_07,kmeans_standardized_geometry_v1
fknwbhkv,domain_07,kmeans_standardized_geometry_v1
jz09owgm,domain_07,kmeans_standardized_geometry_v1
f4ln5rgs,domain_07,kmeans_standardized_geometry_v1
g6a8mlik,domain_07,kmeans_standardized_geometry_v1
22xmq664,domain_07,kmeans_standardized_geometry_v1
42sihxod,domain_07,kmeans_standardized_geometry_v1
lctt058c,domain_07,kmeans_standardized_geometry_v1
uij0yxiy,domain_07,kmeans_standardized_geometry_v1
qbvtdg3c,domain_07,kmeans_standardized_geometry_v1
6scivuqt,domain_07,kmeans_standardized_geometry_v1
2lwhedht,domain_07,kmeans_standardized_geometry_v1
hruu5e51,domain_07,kmeans_standardized_geometry_v1
h3wqa1vr,domain_07,kmeans_standardized_geometry_v1
gss8k5ij,domain_07,kmeans_standardized_geometry_v1
ulp98rl9,domain_07,kmeans_standardized_geometry_v1
qfcpk7pw,domain_07,kmeans_standardized_geometry_v1
tg21hslt,domain_07,kmeans_standardized_geometry_v1
dkvuff12,domain_07,kmeans_standardized_geometry_v1
4vf89x22,domain_07,kmeans_standardized_geometry_v1
j7q4kfmm,domain_07,kmeans_standardized_geometry_v1
0qpop1o8,domain_07,kmeans_standardized_geometry_v1
m291azhz,domain_07,kmeans_standardized_geometry_v1
knl2luhh,domain_07,kmeans_standardized_geometry_v1
s4dilrzq,domain_07,kmeans_standardized_geometry_v1
8bxy6rkv,domain_07,kmeans_standardized_geometry_v1
ndxjn7de,domain_07,kmeans_standardized_geometry_v1
0l1offkh,domain_07,kmeans_standardized_geometry_v1
diu1jtka,domain_07,kmeans_standardized_geometry_v1
1c2zl46q,domain_07,kmeans_standardized_geometry_v1
5gqqlyzj,domain_07,kmeans_standardized_geometry_v1
0aeoorbt,domain_07,kmeans_standardized_geometry_v1
6sapbs22,domain_07,kmeans_standardized_geometry_v1
ruw0u92t,domain_07,kmeans_standardized_geometry_v1
24d7v911,domain_07,kmeans_standardized_geometry_v1
pjq50xcx,domain_07,kmeans_standardized_geometry_v1
msy3paua,domain_07,kmeans_standardized_geometry_v1
3aipjiyl,domain_07,kmeans_standardized_geometry_v1
qx1um55f,domain_07,kmeans_standardized_geometry_v1
1hgav42t,domain_07,kmeans_standardized_geometry_v1
8llihkpj,domain_07,kmeans_standardized_geometry_v1
7hme6p4n,domain_07,kmeans_standardized_geometry_v1
p00nqohn,domain_07,kmeans_standardized_geometry_v1
3dg60e1e,domain_07,kmeans_standardized_geometry_v1
rv0lg92m,domain_07,kmeans_standardized_geometry_v1
jeqa2o4m,domain_07,kmeans_standardized_geometry_v1
84p4k9dx,domain_07,kmeans_standardized_geometry_v1
oq8jxlfi,domain_07,kmeans_standardized_geometry_v1
uefz1c25,domain_07,kmeans_standardized_geometry_v1
xnofg780,domain_07,kmeans_standardized_geometry_v1
3g5dfrlw,domain_07,kmeans_standardized_geometry_v1
6jl2l5b5,domain_07,kmeans_standardized_geometry_v1
6bnvsfa6,domain_07,kmeans_standardized_geometry_v1
d9er94te,domain_07,kmeans_standardized_geometry_v1
vwlq6exn,domain_07,kmeans_standardized_geometry_v1
wzr04hhe,domain_07,kmeans_standardized_geometry_v1
7icdo5di,domain_07,kmeans_standardized_geometry_v1
gxl9ysu5,domain_07,kmeans_standardized_geometry_v1
1epxu7b6,domain_07,kmeans_standardized_geometry_v1
nbhgfb2f,domain_07,kmeans_standardized_geometry_v1
lurmw3uq,domain_07,kmeans_standardized_geometry_v1
hwtek17m,domain_07,kmeans_standardized_geometry_v1
6j3rtxym,domain_07,kmeans_standardized_geometry_v1
scnx8eiq,domain_07,kmeans_standardized_geometry_v1
etk5lp9c,domain_07,kmeans_standardized_geometry_v1
5so79h4h,domain_07,kmeans_standardized_geometry_v1
a0mvf4s2,domain_07,kmeans_standardized_geometry_v1
ni8tndfw,domain_07,kmeans_standardized_geometry_v1
w41f7v4k,domain_07,kmeans_standardized_geometry_v1
88k686qe,domain_07,kmeans_standardized_geometry_v1
7ajul7w8,domain_07,kmeans_standardized_geometry_v1
cof3138i,domain_07,kmeans_standardized_geometry_v1
2xog4c8j,domain_07,kmeans_standardized_geometry_v1
6e07fpy1,domain_07,kmeans_standardized_geometry_v1
aeldwqxk,domain_07,kmeans_standardized_geometry_v1
e0qc96mj,domain_07,kmeans_standardized_geometry_v1
9n6eqv5y,domain_07,kmeans_standardized_geometry_v1
21id9vvn,domain_07,kmeans_standardized_geometry_v1
5x48pw5k,domain_07,kmeans_standardized_geometry_v1
0jjsp49c,domain_07,kmeans_standardized_geometry_v1
d3irvxd2,domain_07,kmeans_standardized_geometry_v1
zu4ns7nv,domain_07,kmeans_standardized_geometry_v1
v28ue1my,domain_07,kmeans_standardized_geometry_v1
6po0m24u,domain_07,kmeans_standardized_geometry_v1
s73w1yau,domain_07,kmeans_standardized_geometry_v1
a8d7204j,domain_07,kmeans_standardized_geometry_v1
3m9iqbq9,domain_07,kmeans_standardized_geometry_v1
j2h1tlom,domain_07,kmeans_standardized_geometry_v1
344mw04i,domain_07,kmeans_standardized_geometry_v1
3dzxlrgn,domain_07,kmeans_standardized_geometry_v1
jzm3618l,domain_07,kmeans_standardized_geometry_v1
eu6zu1to,domain_07,kmeans_standardized_geometry_v1
zhdv5ojz,domain_07,kmeans_standardized_geometry_v1
to7d835k,domain_07,kmeans_standardized_geometry_v1
uc9pbtyj,domain_07,kmeans_standardized_geometry_v1
r39iixha,domain_07,kmeans_standardized_geometry_v1
iaw4otuo,domain_07,kmeans_standardized_geometry_v1
4uw590z9,domain_07,kmeans_standardized_geometry_v1
2jn67lm8,domain_07,kmeans_standardized_geometry_v1
e49ite92,domain_07,kmeans_standardized_geometry_v1
srl3vzzx,domain_07,kmeans_standardized_geometry_v1
t9qubwrp,domain_07,kmeans_standardized_geometry_v1
8guucm5f,domain_07,kmeans_standardized_geometry_v1
yczu80zr,domain_07,kmeans_standardized_geometry_v1
z79hqtyl,domain_07,kmeans_standardized_geometry_v1
u58ftyla,domain_07,kmeans_standardized_geometry_v1
vzme9wt0,domain_04,kmeans_standardized_geometry_v1
0iv1ggxr,domain_01,kmeans_standardized_geometry_v1
ed8u8noz,domain_04,kmeans_standardized_geometry_v1
emdmz5rg,domain_05,kmeans_standardized_geometry_v1
oi9wm1sa,domain_04,kmeans_standardized_geometry_v1
v9cng8ta,domain_04,kmeans_standardized_geometry_v1
na6u48gw,domain_04,kmeans_standardized_geometry_v1
ghm56vu6,domain_04,kmeans_standardized_geometry_v1
z5gf3bbt,domain_04,kmeans_standardized_geometry_v1
873lkmgs,domain_04,kmeans_standardized_geometry_v1
6rv9777t,domain_04,kmeans_standardized_geometry_v1
nqetmni3,domain_04,kmeans_standardized_geometry_v1
gom6736z,domain_04,kmeans_standardized_geometry_v1
4dsxlsut,domain_04,kmeans_standardized_geometry_v1
othlqh7p,domain_01,kmeans_standardized_geometry_v1
pcaduvl9,domain_05,kmeans_standardized_geometry_v1
11zsb8lv,domain_04,kmeans_standardized_geometry_v1
6tx0tbkg,domain_04,kmeans_standardized_geometry_v1
8b350sgn,domain_01,kmeans_standardized_geometry_v1
z6d86zch,domain_04,kmeans_standardized_geometry_v1
hxa7hy7a,domain_04,kmeans_standardized_geometry_v1
i33993n4,domain_04,kmeans_standardized_geometry_v1
bfiy5pu5,domain_05,kmeans_standardized_geometry_v1
wh50jyoo,domain_04,kmeans_standardized_geometry_v1
k63rvwoz,domain_04,kmeans_standardized_geometry_v1
qxiwe6rg,domain_04,kmeans_standardized_geometry_v1
l7jy7otk,domain_04,kmeans_standardized_geometry_v1
ude358tr,domain_04,kmeans_standardized_geometry_v1
e9qdi3g1,domain_04,kmeans_standardized_geometry_v1
3iwpfvb7,domain_04,kmeans_standardized_geometry_v1
1ghlu8m8,domain_04,kmeans_standardized_geometry_v1
7mhxofkc,domain_04,kmeans_standardized_geometry_v1
ggxp5cit,domain_04,kmeans_standardized_geometry_v1
uf8cyotw,domain_04,kmeans_standardized_geometry_v1
g7nfdinu,domain_04,kmeans_standardized_geometry_v1
31eiwucx,domain_04,kmeans_standardized_geometry_v1
67xkwq0y,domain_04,kmeans_standardized_geometry_v1
wm9q7ftm,domain_04,kmeans_standardized_geometry_v1
fwg895na,domain_04,kmeans_standardized_geometry_v1
2fqztio4,domain_04,kmeans_standardized_geometry_v1
m7pp0pnn,domain_04,kmeans_standardized_geometry_v1
lo0hhgh5,domain_04,kmeans_standardized_geometry_v1
xw6t1oxh,domain_04,kmeans_standardized_geometry_v1
fdxk31wb,domain_04,kmeans_standardized_geometry_v1
htfnsgpy,domain_04,kmeans_standardized_geometry_v1
8257ge0q,domain_02,kmeans_standardized_geometry_v1
uz2z0kdn,domain_01,kmeans_standardized_geometry_v1
upcj8mo7,domain_05,kmeans_standardized_geometry_v1
65efuxq9,domain_05,kmeans_standardized_geometry_v1
njc2goui,domain_05,kmeans_standardized_geometry_v1
fezac2ex,domain_02,kmeans_standardized_geometry_v1
va5e742g,domain_05,kmeans_standardized_geometry_v1
rrdnwt2f,domain_05,kmeans_standardized_geometry_v1
es5cs9ui,domain_05,kmeans_standardized_geometry_v1
14nijcp5,domain_05,kmeans_standardized_geometry_v1
2ay7ov50,domain_05,kmeans_standardized_geometry_v1
ew25x1fv,domain_05,kmeans_standardized_geometry_v1
k1pbcd6f,domain_05,kmeans_standardized_geometry_v1
xnoq37kt,domain_05,kmeans_standardized_geometry_v1
ll8sn5yz,domain_06,kmeans_standardized_geometry_v1
7vxuqdrm,domain_05,kmeans_standardized_geometry_v1
swjjjksl,domain_05,kmeans_standardized_geometry_v1
66uml3so,domain_05,kmeans_standardized_geometry_v1
jpx16f1k,domain_06,kmeans_standardized_geometry_v1
yntl2ug0,domain_06,kmeans_standardized_geometry_v1
5wh23gxr,domain_05,kmeans_standardized_geometry_v1
irjutfvj,domain_02,kmeans_standardized_geometry_v1
839ag77q,domain_01,kmeans_standardized_geometry_v1
9vjuhbp9,domain_02,kmeans_standardized_geometry_v1
vrnegn2b,domain_05,kmeans_standardized_geometry_v1
4jtj27yh,domain_02,kmeans_standardized_geometry_v1
6uamwjpi,domain_06,kmeans_standardized_geometry_v1
wujt4ftl,domain_05,kmeans_standardized_geometry_v1
h33hw8d0,domain_05,kmeans_standardized_geometry_v1
9jrd4hqf,domain_02,kmeans_standardized_geometry_v1
ghdiluvn,domain_02,kmeans_standardized_geometry_v1
hdczp0nw,domain_05,kmeans_standardized_geometry_v1
ntj5r2sl,domain_05,kmeans_standardized_geometry_v1
rw4vnzvz,domain_06,kmeans_standardized_geometry_v1
n2hloiki,domain_05,kmeans_standardized_geometry_v1
vqa7izq2,domain_01,kmeans_standardized_geometry_v1
nmnr06dj,domain_01,kmeans_standardized_geometry_v1
in9rg4xv,domain_05,kmeans_standardized_geometry_v1
349n1d6d,domain_06,kmeans_standardized_geometry_v1
zbc7qk4k,domain_01,kmeans_standardized_geometry_v1
6ilsidbx,domain_06,kmeans_standardized_geometry_v1
287gt76i,domain_01,kmeans_standardized_geometry_v1
3hzcd3ge,domain_02,kmeans_standardized_geometry_v1
q10f7ia4,domain_01,kmeans_standardized_geometry_v1
1sascebf,domain_02,kmeans_standardized_geometry_v1
e54ukigd,domain_06,kmeans_standardized_geometry_v1
ix1cnaq2,domain_06,kmeans_standardized_geometry_v1
yotos87m,domain_06,kmeans_standardized_geometry_v1
vz01sosr,domain_02,kmeans_standardized_geometry_v1
2hvnkvon,domain_06,kmeans_standardized_geometry_v1
nlhapwf5,domain_06,kmeans_standardized_geometry_v1
20xkiaip,domain_02,kmeans_standardized_geometry_v1
rqq5qob8,domain_06,kmeans_standardized_geometry_v1
67kbqnxp,domain_06,kmeans_standardized_geometry_v1
vmsr75rm,domain_06,kmeans_standardized_geometry_v1
g7f9fzja,domain_02,kmeans_standardized_geometry_v1
hsao2qwk,domain_02,kmeans_standardized_geometry_v1
bsepr1b2,domain_02,kmeans_standardized_geometry_v1
0uc87nxp,domain_05,kmeans_standardized_geometry_v1
0jf6dnob,domain_06,kmeans_standardized_geometry_v1
k8hup3ft,domain_05,kmeans_standardized_geometry_v1
j6ac4jrc,domain_05,kmeans_standardized_geometry_v1
q97rcq6w,domain_05,kmeans_standardized_geometry_v1
948ju63l,domain_02,kmeans_standardized_geometry_v1
xsy4vy32,domain_01,kmeans_standardized_geometry_v1
i3pj7k99,domain_01,kmeans_standardized_geometry_v1
bv2j3t4h,domain_05,kmeans_standardized_geometry_v1
8qfdtn0p,domain_06,kmeans_standardized_geometry_v1
lcfr7cl6,domain_05,kmeans_standardized_geometry_v1
p3frb7ei,domain_01,kmeans_standardized_geometry_v1
5r8vo4kv,domain_02,kmeans_standardized_geometry_v1
fflncc2a,domain_05,kmeans_standardized_geometry_v1
trd83x9a,domain_02,kmeans_standardized_geometry_v1
ge9ny3mu,domain_05,kmeans_standardized_geometry_v1
b6lbu9w3,domain_05,kmeans_standardized_geometry_v1
ggo9dvws,domain_06,kmeans_standardized_geometry_v1
3kcvjxzd,domain_05,kmeans_standardized_geometry_v1
vyb4xz3m,domain_02,kmeans_standardized_geometry_v1
